[2026-08-04T17:22:44.309620+00:00] 🚀 Initializing Async gRPC Streamer (Signal Handler Active)
[2026-08-04T17:22:44.309741+00:00]    Target: 127.0.0.1:50051 | Max FPS: 60.0 | Log File: /data/data/com.termux/files/home/Tordial-GS-_Manifold/Jiggler/telemetry.log
[2026-08-04T17:22:44.351536+00:00] ✅ Connected to gRPC Server at 127.0.0.1:50051
[2026-08-04T17:22:45.352810+00:00] 📊 [NOMINAL  ] [Batch #000056] FPS:  55.9 /  60.0 target | SIMD: 3.16ms (316.15 M/s) | Payload:  1.48 KB/s
[2026-08-04T17:22:46.369536+00:00] 📊 [NOMINAL  ] [Batch #000112] FPS:  55.1 /  60.0 target | SIMD: 3.40ms (293.82 M/s) | Payload:  1.45 KB/s
[2026-08-04T17:22:47.378448+00:00] 📊 [NOMINAL  ] [Batch #000167] FPS:  54.5 /  60.0 target | SIMD: 3.49ms (286.39 M/s) | Payload:  1.44 KB/s
[2026-08-04T17:22:48.392883+00:00] 📊 [NOMINAL  ] [Batch #000223] FPS:  55.2 /  60.0 target | SIMD: 3.04ms (328.95 M/s) | Payload:  1.46 KB/s
[2026-08-04T17:22:49.406173+00:00] 📊 [NOMINAL  ] [Batch #000280] FPS:  56.3 /  60.0 target | SIMD: 2.68ms (372.74 M/s) | Payload:  1.48 KB/s
[2026-08-04T17:22:50.418245+00:00] 📊 [NOMINAL  ] [Batch #000336] FPS:  55.3 /  60.0 target | SIMD: 3.21ms (311.60 M/s) | Payload:  1.46 KB/s
[2026-08-04T17:22:51.425811+00:00] 📊 [NOMINAL  ] [Batch #000392] FPS:  55.6 /  60.0 target | SIMD: 3.36ms (297.38 M/s) | Payload:  1.47 KB/s
[2026-08-04T17:22:52.442021+00:00] 📊 [NOMINAL  ] [Batch #000448] FPS:  55.1 /  60.0 target | SIMD: 3.46ms (289.09 M/s) | Payload:  1.45 KB/s
[2026-08-04T17:22:53.450662+00:00] 📊 [NOMINAL  ] [Batch #000504] FPS:  55.5 /  60.0 target | SIMD: 3.29ms (304.02 M/s) | Payload:  1.46 KB/s
[2026-08-04T17:22:54.458091+00:00] 📊 [NOMINAL  ] [Batch #000560] FPS:  55.6 /  60.0 target | SIMD: 2.72ms (367.06 M/s) | Payload:  1.47 KB/s
[2026-08-04T17:22:55.465456+00:00] 📊 [NOMINAL  ] [Batch #000615] FPS:  54.6 /  60.0 target | SIMD: 3.33ms (300.56 M/s) | Payload:  1.44 KB/s
[2026-08-04T17:22:56.473365+00:00] 📊 [NOMINAL  ] [Batch #000670] FPS:  54.6 /  60.0 target | SIMD: 3.65ms (274.11 M/s) | Payload:  1.44 KB/s
[2026-08-04T17:22:57.479470+00:00] 📊 [NOMINAL  ] [Batch #000725] FPS:  54.7 /  60.0 target | SIMD: 3.78ms (264.24 M/s) | Payload:  1.44 KB/s
[2026-08-04T17:22:58.489375+00:00] 📊 [NOMINAL  ] [Batch #000781] FPS:  55.4 /  60.0 target | SIMD: 3.30ms (303.29 M/s) | Payload:  1.46 KB/s
[2026-08-04T17:22:59.491306+00:00] 📊 [NOMINAL  ] [Batch #000837] FPS:  55.9 /  60.0 target | SIMD: 2.93ms (341.83 M/s) | Payload:  1.47 KB/s
[2026-08-04T17:23:00.499862+00:00] 📊 [NOMINAL  ] [Batch #000894] FPS:  56.5 /  60.0 target | SIMD: 2.41ms (415.40 M/s) | Payload:  1.49 KB/s
[2026-08-04T17:23:01.507241+00:00] 📊 [NOMINAL  ] [Batch #000950] FPS:  55.6 /  60.0 target | SIMD: 2.82ms (354.02 M/s) | Payload:  1.47 KB/s
[2026-08-04T17:23:02.523765+00:00] 📊 [NOMINAL  ] [Batch #001007] FPS:  56.1 /  60.0 target | SIMD: 2.83ms (353.85 M/s) | Payload:  1.48 KB/s
[2026-08-04T17:23:03.531275+00:00] 📊 [NOMINAL  ] [Batch #001062] FPS:  54.6 /  60.0 target | SIMD: 3.48ms (287.14 M/s) | Payload:  1.44 KB/s
[2026-08-04T17:23:04.534380+00:00] 📊 [NOMINAL  ] [Batch #001118] FPS:  55.8 /  60.0 target | SIMD: 2.24ms (447.20 M/s) | Payload:  1.47 KB/s
[2026-08-04T17:23:05.550179+00:00] 📊 [NOMINAL  ] [Batch #001175] FPS:  56.1 /  60.0 target | SIMD: 2.09ms (479.13 M/s) | Payload:  1.48 KB/s
[2026-08-04T17:23:06.566403+00:00] 📊 [NOMINAL  ] [Batch #001232] FPS:  56.1 /  60.0 target | SIMD: 2.32ms (431.70 M/s) | Payload:  1.48 KB/s
[2026-08-04T17:23:07.576352+00:00] 📊 [NOMINAL  ] [Batch #001288] FPS:  55.4 /  60.0 target | SIMD: 2.42ms (413.34 M/s) | Payload:  1.46 KB/s
[2026-08-04T17:23:08.587247+00:00] 📊 [NOMINAL  ] [Batch #001345] FPS:  56.4 /  60.0 target | SIMD: 1.35ms (741.89 M/s) | Payload:  1.49 KB/s
[2026-08-04T17:23:09.596403+00:00] 📊 [NOMINAL  ] [Batch #001402] FPS:  56.5 /  60.0 target | SIMD: 1.66ms (602.19 M/s) | Payload:  1.49 KB/s
[2026-08-04T17:23:10.608850+00:00] 📊 [NOMINAL  ] [Batch #001459] FPS:  56.3 /  60.0 target | SIMD: 2.16ms (463.31 M/s) | Payload:  1.48 KB/s
[2026-08-04T17:23:11.619613+00:00] 📊 [NOMINAL  ] [Batch #001515] FPS:  55.4 /  60.0 target | SIMD: 2.57ms (389.60 M/s) | Payload:  1.46 KB/s
[2026-08-04T17:23:12.621735+00:00] 📊 [NOMINAL  ] [Batch #001571] FPS:  55.9 /  60.0 target | SIMD: 2.54ms (393.10 M/s) | Payload:  1.47 KB/s
[2026-08-04T17:23:13.633116+00:00] 📊 [NOMINAL  ] [Batch #001627] FPS:  55.4 /  60.0 target | SIMD: 3.06ms (326.79 M/s) | Payload:  1.46 KB/s
[2026-08-04T17:23:14.640047+00:00] 📊 [NOMINAL  ] [Batch #001683] FPS:  55.6 /  60.0 target | SIMD: 3.22ms (310.42 M/s) | Payload:  1.47 KB/s
[2026-08-04T17:23:15.651603+00:00] 📊 [NOMINAL  ] [Batch #001739] FPS:  55.3 /  60.0 target | SIMD: 3.52ms (283.98 M/s) | Payload:  1.46 KB/s
[2026-08-04T17:23:16.664854+00:00] 📊 [NOMINAL  ] [Batch #001794] FPS:  54.3 /  60.0 target | SIMD: 2.71ms (369.53 M/s) | Payload:  1.43 KB/s
[2026-08-04T17:23:17.674489+00:00] 📊 [NOMINAL  ] [Batch #001850] FPS:  55.5 /  60.0 target | SIMD: 2.42ms (413.08 M/s) | Payload:  1.46 KB/s
[2026-08-04T17:23:18.677823+00:00] 📊 [NOMINAL  ] [Batch #001905] FPS:  54.8 /  60.0 target | SIMD: 3.15ms (317.16 M/s) | Payload:  1.45 KB/s
[2026-08-04T17:23:19.677999+00:00] 📊 [NOMINAL  ] [Batch #001961] FPS:  56.0 /  60.0 target | SIMD: 2.48ms (403.86 M/s) | Payload:  1.48 KB/s
[2026-08-04T17:23:20.679466+00:00] 📊 [NOMINAL  ] [Batch #002017] FPS:  55.9 /  60.0 target | SIMD: 1.77ms (565.91 M/s) | Payload:  1.47 KB/s
[2026-08-04T17:23:21.694100+00:00] 📊 [NOMINAL  ] [Batch #002073] FPS:  55.2 /  60.0 target | SIMD: 2.70ms (370.91 M/s) | Payload:  1.46 KB/s
[2026-08-04T17:23:22.696120+00:00] 📊 [NOMINAL  ] [Batch #002127] FPS:  53.9 /  60.0 target | SIMD: 4.66ms (214.52 M/s) | Payload:  1.42 KB/s
[2026-08-04T17:23:23.702845+00:00] 📊 [NOMINAL  ] [Batch #002182] FPS:  54.6 /  60.0 target | SIMD: 3.41ms (293.62 M/s) | Payload:  1.44 KB/s
[2026-08-04T17:23:24.717392+00:00] 📊 [NOMINAL  ] [Batch #002237] FPS:  54.2 /  60.0 target | SIMD: 4.47ms (223.89 M/s) | Payload:  1.43 KB/s
[2026-08-04T17:23:25.724172+00:00] 📊 [NOMINAL  ] [Batch #002293] FPS:  55.6 /  60.0 target | SIMD: 3.43ms (291.32 M/s) | Payload:  1.47 KB/s
[2026-08-04T17:23:26.737761+00:00] 📊 [NOMINAL  ] [Batch #002349] FPS:  55.3 /  60.0 target | SIMD: 3.82ms (262.00 M/s) | Payload:  1.46 KB/s
[2026-08-04T17:23:27.740352+00:00] 📊 [NOMINAL  ] [Batch #002404] FPS:  54.9 /  60.0 target | SIMD: 3.34ms (299.17 M/s) | Payload:  1.45 KB/s
[2026-08-04T17:23:28.752110+00:00] 📊 [NOMINAL  ] [Batch #002459] FPS:  54.4 /  60.0 target | SIMD: 3.23ms (309.33 M/s) | Payload:  1.43 KB/s
[2026-08-04T17:23:29.763483+00:00] 📊 [NOMINAL  ] [Batch #002514] FPS:  54.4 /  60.0 target | SIMD: 2.94ms (339.75 M/s) | Payload:  1.43 KB/s
[2026-08-04T17:23:30.767843+00:00] 📊 [NOMINAL  ] [Batch #002568] FPS:  53.8 /  60.0 target | SIMD: 4.09ms (244.74 M/s) | Payload:  1.42 KB/s
[2026-08-04T17:23:31.768072+00:00] 📊 [NOMINAL  ] [Batch #002623] FPS:  55.0 /  60.0 target | SIMD: 2.92ms (342.06 M/s) | Payload:  1.45 KB/s
[2026-08-04T17:23:32.778571+00:00] 📊 [NOMINAL  ] [Batch #002680] FPS:  56.4 /  60.0 target | SIMD: 1.80ms (555.11 M/s) | Payload:  1.49 KB/s
[2026-08-04T17:23:33.785042+00:00] 📊 [NOMINAL  ] [Batch #002736] FPS:  55.6 /  60.0 target | SIMD: 2.25ms (444.90 M/s) | Payload:  1.47 KB/s
[2026-08-04T17:23:34.796243+00:00] 📊 [NOMINAL  ] [Batch #002793] FPS:  56.4 /  60.0 target | SIMD: 1.63ms (612.00 M/s) | Payload:  1.49 KB/s
[2026-08-04T17:23:35.807100+00:00] 📊 [NOMINAL  ] [Batch #002850] FPS:  56.4 /  60.0 target | SIMD: 1.57ms (636.29 M/s) | Payload:  1.49 KB/s
[2026-08-04T17:23:36.808071+00:00] 📊 [NOMINAL  ] [Batch #002906] FPS:  55.9 /  60.0 target | SIMD: 2.00ms (500.33 M/s) | Payload:  1.48 KB/s
[2026-08-04T17:23:37.821875+00:00] 📊 [NOMINAL  ] [Batch #002963] FPS:  56.2 /  60.0 target | SIMD: 2.06ms (485.24 M/s) | Payload:  1.48 KB/s
[2026-08-04T17:23:38.821955+00:00] 📊 [NOMINAL  ] [Batch #003019] FPS:  56.0 /  60.0 target | SIMD: 2.37ms (421.41 M/s) | Payload:  1.48 KB/s
[2026-08-04T17:23:39.841327+00:00] 📊 [NOMINAL  ] [Batch #003076] FPS:  55.9 /  60.0 target | SIMD: 2.38ms (419.54 M/s) | Payload:  1.47 KB/s
[2026-08-04T17:23:40.846184+00:00] 📊 [NOMINAL  ] [Batch #003132] FPS:  55.7 /  60.0 target | SIMD: 2.47ms (404.12 M/s) | Payload:  1.47 KB/s
[2026-08-04T17:23:41.846956+00:00] 📊 [NOMINAL  ] [Batch #003188] FPS:  56.0 /  60.0 target | SIMD: 2.41ms (414.32 M/s) | Payload:  1.48 KB/s
[2026-08-04T17:23:42.864125+00:00] 📊 [NOMINAL  ] [Batch #003244] FPS:  55.1 /  60.0 target | SIMD: 3.15ms (317.55 M/s) | Payload:  1.45 KB/s
[2026-08-04T17:23:43.880518+00:00] 📊 [NOMINAL  ] [Batch #003301] FPS:  56.1 /  60.0 target | SIMD: 2.52ms (396.23 M/s) | Payload:  1.48 KB/s
[2026-08-04T17:23:44.894473+00:00] 📊 [NOMINAL  ] [Batch #003357] FPS:  55.2 /  60.0 target | SIMD: 3.14ms (318.27 M/s) | Payload:  1.46 KB/s
[2026-08-04T17:23:45.895837+00:00] 📊 [NOMINAL  ] [Batch #003413] FPS:  55.9 /  60.0 target | SIMD: 2.09ms (479.28 M/s) | Payload:  1.48 KB/s
[2026-08-04T17:23:46.904797+00:00] 📊 [NOMINAL  ] [Batch #003469] FPS:  55.5 /  60.0 target | SIMD: 2.53ms (395.38 M/s) | Payload:  1.46 KB/s
[2026-08-04T17:23:47.916126+00:00] 📊 [NOMINAL  ] [Batch #003525] FPS:  55.4 /  60.0 target | SIMD: 2.32ms (431.24 M/s) | Payload:  1.46 KB/s
[2026-08-04T17:23:48.936757+00:00] 📊 [NOMINAL  ] [Batch #003581] FPS:  54.9 /  60.0 target | SIMD: 3.21ms (311.91 M/s) | Payload:  1.45 KB/s
[2026-08-04T17:23:49.940163+00:00] 📊 [NOMINAL  ] [Batch #003637] FPS:  55.8 /  60.0 target | SIMD: 2.42ms (412.81 M/s) | Payload:  1.47 KB/s
[2026-08-04T17:23:50.941551+00:00] 📊 [NOMINAL  ] [Batch #003693] FPS:  55.9 /  60.0 target | SIMD: 2.89ms (346.49 M/s) | Payload:  1.47 KB/s
[2026-08-04T17:23:51.947959+00:00] 📊 [NOMINAL  ] [Batch #003749] FPS:  55.6 /  60.0 target | SIMD: 2.56ms (389.99 M/s) | Payload:  1.47 KB/s
[2026-08-04T17:23:52.956416+00:00] 📊 [NOMINAL  ] [Batch #003806] FPS:  56.5 /  60.0 target | SIMD: 1.46ms (683.52 M/s) | Payload:  1.49 KB/s
[2026-08-04T17:23:53.971478+00:00] 📊 [NOMINAL  ] [Batch #003863] FPS:  56.2 /  60.0 target | SIMD: 2.27ms (439.80 M/s) | Payload:  1.48 KB/s
[2026-08-04T17:23:54.984256+00:00] 📊 [NOMINAL  ] [Batch #003920] FPS:  56.3 /  60.0 target | SIMD: 1.67ms (599.62 M/s) | Payload:  1.48 KB/s
[2026-08-04T17:23:55.993657+00:00] 📊 [NOMINAL  ] [Batch #003977] FPS:  56.5 /  60.0 target | SIMD: 1.63ms (614.32 M/s) | Payload:  1.49 KB/s
[2026-08-04T17:23:57.008251+00:00] 📊 [NOMINAL  ] [Batch #004034] FPS:  56.2 /  60.0 target | SIMD: 1.61ms (620.00 M/s) | Payload:  1.48 KB/s
[2026-08-04T17:23:58.010897+00:00] 📊 [NOMINAL  ] [Batch #004089] FPS:  54.9 /  60.0 target | SIMD: 3.48ms (287.48 M/s) | Payload:  1.45 KB/s
[2026-08-04T17:23:59.016371+00:00] 📊 [NOMINAL  ] [Batch #004144] FPS:  54.7 /  60.0 target | SIMD: 5.43ms (184.17 M/s) | Payload:  1.44 KB/s
[2026-08-04T17:24:00.028082+00:00] 📊 [NOMINAL  ] [Batch #004200] FPS:  55.4 /  60.0 target | SIMD: 3.60ms (277.89 M/s) | Payload:  1.46 KB/s
[2026-08-04T17:24:01.033156+00:00] 📊 [NOMINAL  ] [Batch #004255] FPS:  54.7 /  60.0 target | SIMD: 4.17ms (239.53 M/s) | Payload:  1.44 KB/s
[2026-08-04T17:24:02.048834+00:00] 📊 [NOMINAL  ] [Batch #004311] FPS:  55.1 /  60.0 target | SIMD: 4.28ms (233.56 M/s) | Payload:  1.45 KB/s
[2026-08-04T17:24:03.064140+00:00] 📊 [NOMINAL  ] [Batch #004366] FPS:  54.2 /  60.0 target | SIMD: 4.15ms (241.13 M/s) | Payload:  1.43 KB/s
[2026-08-04T17:24:04.080127+00:00] 📊 [NOMINAL  ] [Batch #004421] FPS:  54.1 /  60.0 target | SIMD: 5.23ms (191.09 M/s) | Payload:  1.43 KB/s
[2026-08-04T17:24:05.087060+00:00] 📊 [NOMINAL  ] [Batch #004477] FPS:  55.6 /  60.0 target | SIMD: 2.83ms (353.92 M/s) | Payload:  1.47 KB/s
[2026-08-04T17:24:06.095407+00:00] 📊 [NOMINAL  ] [Batch #004533] FPS:  55.5 /  60.0 target | SIMD: 2.86ms (350.21 M/s) | Payload:  1.46 KB/s
[2026-08-04T17:24:07.101029+00:00] 📊 [NOMINAL  ] [Batch #004588] FPS:  54.7 /  60.0 target | SIMD: 3.77ms (265.16 M/s) | Payload:  1.44 KB/s
[2026-08-04T17:24:08.107367+00:00] 📊 [NOMINAL  ] [Batch #004643] FPS:  54.7 /  60.0 target | SIMD: 3.09ms (323.11 M/s) | Payload:  1.44 KB/s
[2026-08-04T17:24:09.119450+00:00] 📊 [NOMINAL  ] [Batch #004698] FPS:  54.3 /  60.0 target | SIMD: 3.42ms (292.38 M/s) | Payload:  1.43 KB/s
[2026-08-04T17:24:10.124547+00:00] 📊 [NOMINAL  ] [Batch #004753] FPS:  54.7 /  60.0 target | SIMD: 3.86ms (258.92 M/s) | Payload:  1.44 KB/s
[2026-08-04T17:24:11.136035+00:00] 📊 [NOMINAL  ] [Batch #004810] FPS:  56.3 /  60.0 target | SIMD: 1.94ms (516.00 M/s) | Payload:  1.49 KB/s
[2026-08-04T17:24:12.143980+00:00] 📊 [NOMINAL  ] [Batch #004867] FPS:  56.6 /  60.0 target | SIMD: 1.19ms (839.49 M/s) | Payload:  1.49 KB/s
[2026-08-04T17:24:13.147820+00:00] 📊 [NOMINAL  ] [Batch #004923] FPS:  55.8 /  60.0 target | SIMD: 2.23ms (448.26 M/s) | Payload:  1.47 KB/s
[2026-08-04T17:24:14.155765+00:00] 📊 [NOMINAL  ] [Batch #004979] FPS:  55.6 /  60.0 target | SIMD: 3.76ms (265.87 M/s) | Payload:  1.46 KB/s
[2026-08-04T17:24:15.162976+00:00] 📊 [NOMINAL  ] [Batch #005035] FPS:  55.6 /  60.0 target | SIMD: 2.45ms (408.80 M/s) | Payload:  1.47 KB/s
[2026-08-04T17:24:16.173044+00:00] 📊 [NOMINAL  ] [Batch #005091] FPS:  55.4 /  60.0 target | SIMD: 2.48ms (403.63 M/s) | Payload:  1.46 KB/s
[2026-08-04T17:24:17.173193+00:00] 📊 [NOMINAL  ] [Batch #005145] FPS:  54.0 /  60.0 target | SIMD: 3.45ms (290.26 M/s) | Payload:  1.42 KB/s
[2026-08-04T17:24:18.175963+00:00] 📊 [NOMINAL  ] [Batch #005200] FPS:  54.8 /  60.0 target | SIMD: 3.65ms (273.63 M/s) | Payload:  1.45 KB/s
[2026-08-04T17:24:19.188455+00:00] 📊 [NOMINAL  ] [Batch #005256] FPS:  55.3 /  60.0 target | SIMD: 3.78ms (264.86 M/s) | Payload:  1.46 KB/s
[2026-08-04T17:24:20.192780+00:00] 📊 [NOMINAL  ] [Batch #005311] FPS:  54.8 /  60.0 target | SIMD: 4.19ms (238.66 M/s) | Payload:  1.44 KB/s
[2026-08-04T17:24:21.208570+00:00] 📊 [NOMINAL  ] [Batch #005367] FPS:  55.1 /  60.0 target | SIMD: 3.69ms (271.31 M/s) | Payload:  1.45 KB/s
[2026-08-04T17:24:22.219545+00:00] 📊 [NOMINAL  ] [Batch #005423] FPS:  55.4 /  60.0 target | SIMD: 3.51ms (284.96 M/s) | Payload:  1.46 KB/s
[2026-08-04T17:24:23.227792+00:00] 📊 [NOMINAL  ] [Batch #005479] FPS:  55.5 /  60.0 target | SIMD: 2.78ms (359.53 M/s) | Payload:  1.46 KB/s
[2026-08-04T17:24:24.243389+00:00] 📊 [NOMINAL  ] [Batch #005536] FPS:  56.1 /  60.0 target | SIMD: 3.01ms (331.69 M/s) | Payload:  1.48 KB/s
[2026-08-04T17:24:25.244888+00:00] 📊 [NOMINAL  ] [Batch #005591] FPS:  54.9 /  60.0 target | SIMD: 3.41ms (293.00 M/s) | Payload:  1.45 KB/s
[2026-08-04T17:24:26.251879+00:00] 📊 [NOMINAL  ] [Batch #005647] FPS:  55.6 /  60.0 target | SIMD: 2.74ms (365.50 M/s) | Payload:  1.47 KB/s
[2026-08-04T17:24:27.261003+00:00] 📊 [NOMINAL  ] [Batch #005703] FPS:  55.5 /  60.0 target | SIMD: 2.91ms (343.87 M/s) | Payload:  1.46 KB/s
[2026-08-04T17:24:28.269619+00:00] 📊 [NOMINAL  ] [Batch #005759] FPS:  55.5 /  60.0 target | SIMD: 4.01ms (249.34 M/s) | Payload:  1.46 KB/s
[2026-08-04T17:24:29.281962+00:00] 📊 [NOMINAL  ] [Batch #005815] FPS:  55.3 /  60.0 target | SIMD: 4.01ms (249.17 M/s) | Payload:  1.46 KB/s
[2026-08-04T17:24:30.286028+00:00] 📊 [NOMINAL  ] [Batch #005871] FPS:  55.8 /  60.0 target | SIMD: 3.73ms (268.02 M/s) | Payload:  1.47 KB/s
[2026-08-04T17:24:31.292275+00:00] 📊 [NOMINAL  ] [Batch #005927] FPS:  55.7 /  60.0 target | SIMD: 3.67ms (272.23 M/s) | Payload:  1.47 KB/s
[2026-08-04T17:24:32.299910+00:00] 📊 [NOMINAL  ] [Batch #005983] FPS:  55.6 /  60.0 target | SIMD: 3.71ms (269.68 M/s) | Payload:  1.47 KB/s
[2026-08-04T17:24:33.304094+00:00] 📊 [NOMINAL  ] [Batch #006039] FPS:  55.8 /  60.0 target | SIMD: 3.60ms (277.99 M/s) | Payload:  1.47 KB/s
[2026-08-04T17:24:34.310040+00:00] 📊 [NOMINAL  ] [Batch #006095] FPS:  55.7 /  60.0 target | SIMD: 2.80ms (357.27 M/s) | Payload:  1.47 KB/s
[2026-08-04T17:24:35.316162+00:00] 📊 [NOMINAL  ] [Batch #006151] FPS:  55.7 /  60.0 target | SIMD: 2.91ms (343.29 M/s) | Payload:  1.47 KB/s
[2026-08-04T17:24:36.328692+00:00] 📊 [NOMINAL  ] [Batch #006206] FPS:  54.3 /  60.0 target | SIMD: 2.99ms (334.08 M/s) | Payload:  1.43 KB/s
[2026-08-04T17:24:37.332999+00:00] 📊 [NOMINAL  ] [Batch #006262] FPS:  55.8 /  60.0 target | SIMD: 3.09ms (323.38 M/s) | Payload:  1.47 KB/s
[2026-08-04T17:24:38.347335+00:00] 📊 [NOMINAL  ] [Batch #006319] FPS:  56.2 /  60.0 target | SIMD: 2.86ms (349.34 M/s) | Payload:  1.48 KB/s
[2026-08-04T17:24:39.349861+00:00] 📊 [NOMINAL  ] [Batch #006375] FPS:  55.9 /  60.0 target | SIMD: 2.90ms (345.39 M/s) | Payload:  1.47 KB/s
[2026-08-04T17:24:40.355293+00:00] 📊 [NOMINAL  ] [Batch #006431] FPS:  55.7 /  60.0 target | SIMD: 2.85ms (350.52 M/s) | Payload:  1.47 KB/s
[2026-08-04T17:24:41.356198+00:00] 📊 [NOMINAL  ] [Batch #006486] FPS:  55.0 /  60.0 target | SIMD: 3.07ms (325.24 M/s) | Payload:  1.45 KB/s
[2026-08-04T17:24:42.363970+00:00] 📊 [NOMINAL  ] [Batch #006541] FPS:  54.6 /  60.0 target | SIMD: 3.30ms (303.10 M/s) | Payload:  1.44 KB/s
[2026-08-04T17:24:43.375188+00:00] 📊 [NOMINAL  ] [Batch #006597] FPS:  55.4 /  60.0 target | SIMD: 2.72ms (367.25 M/s) | Payload:  1.46 KB/s
[2026-08-04T17:24:44.383541+00:00] 📊 [NOMINAL  ] [Batch #006653] FPS:  55.5 /  60.0 target | SIMD: 3.18ms (314.59 M/s) | Payload:  1.46 KB/s
[2026-08-04T17:24:45.384029+00:00] 📊 [NOMINAL  ] [Batch #006709] FPS:  56.0 /  60.0 target | SIMD: 2.12ms (472.60 M/s) | Payload:  1.48 KB/s
[2026-08-04T17:24:46.388965+00:00] 📊 [NOMINAL  ] [Batch #006765] FPS:  55.7 /  60.0 target | SIMD: 2.94ms (340.07 M/s) | Payload:  1.47 KB/s
[2026-08-04T17:24:47.390344+00:00] 📊 [NOMINAL  ] [Batch #006820] FPS:  54.9 /  60.0 target | SIMD: 3.40ms (293.81 M/s) | Payload:  1.45 KB/s
[2026-08-04T17:24:48.404894+00:00] 📊 [NOMINAL  ] [Batch #006877] FPS:  56.2 /  60.0 target | SIMD: 3.15ms (316.99 M/s) | Payload:  1.48 KB/s
[2026-08-04T17:24:49.417578+00:00] 📊 [NOMINAL  ] [Batch #006934] FPS:  56.3 /  60.0 target | SIMD: 2.95ms (338.80 M/s) | Payload:  1.48 KB/s
[2026-08-04T17:24:50.417576+00:00] 📊 [NOMINAL  ] [Batch #006990] FPS:  56.0 /  60.0 target | SIMD: 2.78ms (360.07 M/s) | Payload:  1.48 KB/s
[2026-08-04T17:24:51.428928+00:00] 📊 [NOMINAL  ] [Batch #007046] FPS:  55.4 /  60.0 target | SIMD: 2.65ms (377.59 M/s) | Payload:  1.46 KB/s
[2026-08-04T17:24:52.438786+00:00] 📊 [NOMINAL  ] [Batch #007103] FPS:  56.4 /  60.0 target | SIMD: 1.75ms (570.60 M/s) | Payload:  1.49 KB/s
[2026-08-04T17:24:53.454630+00:00] 📊 [NOMINAL  ] [Batch #007159] FPS:  55.1 /  60.0 target | SIMD: 2.89ms (345.94 M/s) | Payload:  1.45 KB/s
[2026-08-04T17:24:54.463629+00:00] 📊 [NOMINAL  ] [Batch #007215] FPS:  55.5 /  60.0 target | SIMD: 2.92ms (342.20 M/s) | Payload:  1.46 KB/s
[2026-08-04T17:24:55.472726+00:00] 📊 [NOMINAL  ] [Batch #007270] FPS:  54.5 /  60.0 target | SIMD: 3.28ms (304.95 M/s) | Payload:  1.44 KB/s
[2026-08-04T17:24:56.472735+00:00] 📊 [NOMINAL  ] [Batch #007325] FPS:  55.0 /  60.0 target | SIMD: 3.35ms (298.47 M/s) | Payload:  1.45 KB/s
[2026-08-04T17:24:57.476347+00:00] 📊 [NOMINAL  ] [Batch #007380] FPS:  54.8 /  60.0 target | SIMD: 4.05ms (246.89 M/s) | Payload:  1.44 KB/s
[2026-08-04T17:24:58.487624+00:00] 📊 [NOMINAL  ] [Batch #007436] FPS:  55.4 /  60.0 target | SIMD: 2.99ms (334.99 M/s) | Payload:  1.46 KB/s
[2026-08-04T17:24:59.488716+00:00] 📊 [NOMINAL  ] [Batch #007492] FPS:  55.9 /  60.0 target | SIMD: 2.04ms (490.34 M/s) | Payload:  1.47 KB/s
[2026-08-04T17:25:00.490836+00:00] 📊 [NOMINAL  ] [Batch #007548] FPS:  55.9 /  60.0 target | SIMD: 2.39ms (417.56 M/s) | Payload:  1.47 KB/s
[2026-08-04T17:25:01.503794+00:00] 📊 [NOMINAL  ] [Batch #007605] FPS:  56.3 /  60.0 target | SIMD: 2.36ms (423.29 M/s) | Payload:  1.48 KB/s
[2026-08-04T17:25:02.517173+00:00] 📊 [NOMINAL  ] [Batch #007662] FPS:  56.2 /  60.0 target | SIMD: 2.49ms (401.12 M/s) | Payload:  1.48 KB/s
[2026-08-04T17:25:03.528279+00:00] 📊 [NOMINAL  ] [Batch #007718] FPS:  55.4 /  60.0 target | SIMD: 2.86ms (349.67 M/s) | Payload:  1.46 KB/s
[2026-08-04T17:25:04.531306+00:00] 📊 [NOMINAL  ] [Batch #007774] FPS:  55.8 /  60.0 target | SIMD: 2.62ms (381.78 M/s) | Payload:  1.47 KB/s
[2026-08-04T17:25:05.545827+00:00] 📊 [NOMINAL  ] [Batch #007830] FPS:  55.2 /  60.0 target | SIMD: 3.35ms (298.23 M/s) | Payload:  1.46 KB/s
[2026-08-04T17:25:06.545962+00:00] 📊 [NOMINAL  ] [Batch #007886] FPS:  56.0 /  60.0 target | SIMD: 2.51ms (399.01 M/s) | Payload:  1.48 KB/s
[2026-08-04T17:25:07.549912+00:00] 📊 [NOMINAL  ] [Batch #007942] FPS:  55.8 /  60.0 target | SIMD: 2.66ms (375.88 M/s) | Payload:  1.47 KB/s
[2026-08-04T17:25:08.558475+00:00] 📊 [NOMINAL  ] [Batch #007998] FPS:  55.5 /  60.0 target | SIMD: 2.40ms (417.50 M/s) | Payload:  1.46 KB/s
[2026-08-04T17:25:09.566799+00:00] 📊 [NOMINAL  ] [Batch #008054] FPS:  55.5 /  60.0 target | SIMD: 2.29ms (436.87 M/s) | Payload:  1.46 KB/s
[2026-08-04T17:25:10.573594+00:00] 📊 [NOMINAL  ] [Batch #008107] FPS:  52.6 /  60.0 target | SIMD: 4.69ms (213.04 M/s) | Payload:  1.39 KB/s
[2026-08-04T17:25:11.582201+00:00] 📊 [NOMINAL  ] [Batch #008162] FPS:  54.5 /  60.0 target | SIMD: 4.11ms (243.31 M/s) | Payload:  1.44 KB/s
[2026-08-04T17:25:12.599107+00:00] 📊 [NOMINAL  ] [Batch #008218] FPS:  55.1 /  60.0 target | SIMD: 4.13ms (242.02 M/s) | Payload:  1.45 KB/s
[2026-08-04T17:25:13.616099+00:00] 📊 [NOMINAL  ] [Batch #008275] FPS:  56.0 /  60.0 target | SIMD: 3.59ms (278.41 M/s) | Payload:  1.48 KB/s
[2026-08-04T17:25:14.616847+00:00] 📊 [NOMINAL  ] [Batch #008331] FPS:  56.0 /  60.0 target | SIMD: 2.96ms (338.25 M/s) | Payload:  1.48 KB/s
[2026-08-04T17:25:15.617988+00:00] 📊 [NOMINAL  ] [Batch #008387] FPS:  55.9 /  60.0 target | SIMD: 2.71ms (368.65 M/s) | Payload:  1.47 KB/s
[2026-08-04T17:25:16.628755+00:00] 📊 [NOMINAL  ] [Batch #008443] FPS:  55.4 /  60.0 target | SIMD: 2.71ms (368.95 M/s) | Payload:  1.46 KB/s
[2026-08-04T17:25:17.629581+00:00] 📊 [NOMINAL  ] [Batch #008498] FPS:  55.0 /  60.0 target | SIMD: 2.90ms (345.11 M/s) | Payload:  1.45 KB/s
[2026-08-04T17:25:18.640391+00:00] 📊 [NOMINAL  ] [Batch #008553] FPS:  54.4 /  60.0 target | SIMD: 3.51ms (284.87 M/s) | Payload:  1.43 KB/s
[2026-08-04T17:25:19.655331+00:00] 📊 [NOMINAL  ] [Batch #008609] FPS:  55.2 /  60.0 target | SIMD: 2.70ms (370.61 M/s) | Payload:  1.45 KB/s
[2026-08-04T17:25:20.666344+00:00] 📊 [NOMINAL  ] [Batch #008665] FPS:  55.4 /  60.0 target | SIMD: 2.67ms (375.21 M/s) | Payload:  1.46 KB/s
[2026-08-04T17:25:21.668262+00:00] 📊 [NOMINAL  ] [Batch #008721] FPS:  55.9 /  60.0 target | SIMD: 2.79ms (358.44 M/s) | Payload:  1.47 KB/s
[2026-08-04T17:25:22.683984+00:00] 📊 [NOMINAL  ] [Batch #008778] FPS:  56.1 /  60.0 target | SIMD: 2.55ms (392.22 M/s) | Payload:  1.48 KB/s
[2026-08-04T17:25:23.702717+00:00] 📊 [NOMINAL  ] [Batch #008835] FPS:  56.0 /  60.0 target | SIMD: 2.75ms (363.90 M/s) | Payload:  1.48 KB/s
[2026-08-04T17:25:24.709721+00:00] 📊 [NOMINAL  ] [Batch #008891] FPS:  55.6 /  60.0 target | SIMD: 3.55ms (281.63 M/s) | Payload:  1.47 KB/s
[2026-08-04T17:25:25.724481+00:00] 📊 [NOMINAL  ] [Batch #008948] FPS:  56.2 /  60.0 target | SIMD: 2.78ms (359.44 M/s) | Payload:  1.48 KB/s
[2026-08-04T17:25:26.727459+00:00] 📊 [NOMINAL  ] [Batch #009004] FPS:  55.8 /  60.0 target | SIMD: 2.73ms (366.12 M/s) | Payload:  1.47 KB/s
[2026-08-04T17:25:27.730488+00:00] 📊 [NOMINAL  ] [Batch #009059] FPS:  54.8 /  60.0 target | SIMD: 3.01ms (332.14 M/s) | Payload:  1.45 KB/s
[2026-08-04T17:25:28.748175+00:00] 📊 [NOMINAL  ] [Batch #009115] FPS:  55.0 /  60.0 target | SIMD: 3.80ms (263.13 M/s) | Payload:  1.45 KB/s
[2026-08-04T17:25:29.753363+00:00] 📊 [NOMINAL  ] [Batch #009171] FPS:  55.7 /  60.0 target | SIMD: 2.84ms (352.54 M/s) | Payload:  1.47 KB/s
[2026-08-04T17:25:30.769877+00:00] 📊 [NOMINAL  ] [Batch #009228] FPS:  56.1 /  60.0 target | SIMD: 2.73ms (366.38 M/s) | Payload:  1.48 KB/s
[2026-08-04T17:25:31.781783+00:00] 📊 [NOMINAL  ] [Batch #009285] FPS:  56.3 /  60.0 target | SIMD: 2.11ms (473.14 M/s) | Payload:  1.49 KB/s
[2026-08-04T17:25:32.793394+00:00] 📊 [NOMINAL  ] [Batch #009341] FPS:  55.4 /  60.0 target | SIMD: 3.64ms (274.46 M/s) | Payload:  1.46 KB/s
[2026-08-04T17:25:33.806706+00:00] 📊 [NOMINAL  ] [Batch #009397] FPS:  55.3 /  60.0 target | SIMD: 3.06ms (326.56 M/s) | Payload:  1.46 KB/s
[2026-08-04T17:25:34.813750+00:00] 📊 [NOMINAL  ] [Batch #009454] FPS:  56.6 /  60.0 target | SIMD: 1.62ms (616.00 M/s) | Payload:  1.49 KB/s
[2026-08-04T17:25:35.823110+00:00] 📊 [NOMINAL  ] [Batch #009511] FPS:  56.5 /  60.0 target | SIMD: 1.54ms (647.76 M/s) | Payload:  1.49 KB/s
[2026-08-04T17:25:36.824320+00:00] 📊 [NOMINAL  ] [Batch #009567] FPS:  55.9 /  60.0 target | SIMD: 2.68ms (373.10 M/s) | Payload:  1.47 KB/s
[2026-08-04T17:25:37.835327+00:00] 📊 [NOMINAL  ] [Batch #009623] FPS:  55.4 /  60.0 target | SIMD: 2.98ms (335.41 M/s) | Payload:  1.46 KB/s
[2026-08-04T17:25:38.838249+00:00] 📊 [NOMINAL  ] [Batch #009679] FPS:  55.8 /  60.0 target | SIMD: 3.09ms (323.16 M/s) | Payload:  1.47 KB/s
[2026-08-04T17:25:39.848271+00:00] 📊 [NOMINAL  ] [Batch #009735] FPS:  55.4 /  60.0 target | SIMD: 3.18ms (314.40 M/s) | Payload:  1.46 KB/s
[2026-08-04T17:25:40.853093+00:00] 📊 [NOMINAL  ] [Batch #009791] FPS:  55.7 /  60.0 target | SIMD: 2.60ms (385.17 M/s) | Payload:  1.47 KB/s
[2026-08-04T17:25:41.854559+00:00] 📊 [NOMINAL  ] [Batch #009847] FPS:  55.9 /  60.0 target | SIMD: 2.30ms (434.08 M/s) | Payload:  1.47 KB/s
[2026-08-04T17:25:42.859076+00:00] 📊 [NOMINAL  ] [Batch #009903] FPS:  55.7 /  60.0 target | SIMD: 3.00ms (333.75 M/s) | Payload:  1.47 KB/s
[2026-08-04T17:25:43.874615+00:00] 📊 [NOMINAL  ] [Batch #009959] FPS:  55.1 /  60.0 target | SIMD: 3.55ms (281.76 M/s) | Payload:  1.45 KB/s
[2026-08-04T17:25:44.878100+00:00] 📊 [NOMINAL  ] [Batch #010015] FPS:  55.8 /  60.0 target | SIMD: 3.28ms (304.46 M/s) | Payload:  1.47 KB/s
[2026-08-04T17:25:45.886948+00:00] 📊 [NOMINAL  ] [Batch #010071] FPS:  55.5 /  60.0 target | SIMD: 2.97ms (336.61 M/s) | Payload:  1.46 KB/s
[2026-08-04T17:25:46.901136+00:00] 📊 [NOMINAL  ] [Batch #010127] FPS:  55.2 /  60.0 target | SIMD: 3.03ms (329.62 M/s) | Payload:  1.46 KB/s
[2026-08-04T17:25:47.911417+00:00] 📊 [NOMINAL  ] [Batch #010183] FPS:  55.4 /  60.0 target | SIMD: 3.31ms (302.17 M/s) | Payload:  1.46 KB/s
[2026-08-04T17:25:48.919965+00:00] 📊 [NOMINAL  ] [Batch #010239] FPS:  55.5 /  60.0 target | SIMD: 3.10ms (323.02 M/s) | Payload:  1.46 KB/s
[2026-08-04T17:25:49.928955+00:00] 📊 [NOMINAL  ] [Batch #010295] FPS:  55.5 /  60.0 target | SIMD: 3.54ms (282.68 M/s) | Payload:  1.46 KB/s
[2026-08-04T17:25:50.934387+00:00] 📊 [NOMINAL  ] [Batch #010351] FPS:  55.7 /  60.0 target | SIMD: 3.76ms (265.82 M/s) | Payload:  1.47 KB/s
[2026-08-04T17:25:51.953303+00:00] 📊 [NOMINAL  ] [Batch #010407] FPS:  55.0 /  60.0 target | SIMD: 3.75ms (266.32 M/s) | Payload:  1.45 KB/s
[2026-08-04T17:25:52.955957+00:00] 📊 [NOMINAL  ] [Batch #010462] FPS:  54.9 /  60.0 target | SIMD: 3.77ms (265.40 M/s) | Payload:  1.45 KB/s
[2026-08-04T17:25:53.957618+00:00] 📊 [NOMINAL  ] [Batch #010517] FPS:  54.9 /  60.0 target | SIMD: 3.91ms (255.96 M/s) | Payload:  1.45 KB/s
[2026-08-04T17:25:54.970843+00:00] 📊 [NOMINAL  ] [Batch #010573] FPS:  55.3 /  60.0 target | SIMD: 3.78ms (264.51 M/s) | Payload:  1.46 KB/s
[2026-08-04T17:25:55.985571+00:00] 📊 [NOMINAL  ] [Batch #010629] FPS:  55.2 /  60.0 target | SIMD: 3.64ms (274.54 M/s) | Payload:  1.46 KB/s
[2026-08-04T17:25:56.997199+00:00] 📊 [NOMINAL  ] [Batch #010685] FPS:  55.4 /  60.0 target | SIMD: 4.09ms (244.61 M/s) | Payload:  1.46 KB/s
[2026-08-04T17:25:58.007588+00:00] 📊 [NOMINAL  ] [Batch #010741] FPS:  55.4 /  60.0 target | SIMD: 3.94ms (253.51 M/s) | Payload:  1.46 KB/s
[2026-08-04T17:25:59.022671+00:00] 📊 [NOMINAL  ] [Batch #010797] FPS:  55.2 /  60.0 target | SIMD: 4.08ms (245.35 M/s) | Payload:  1.45 KB/s
[2026-08-04T17:26:00.024230+00:00] 📊 [NOMINAL  ] [Batch #010853] FPS:  55.9 /  60.0 target | SIMD: 3.05ms (328.41 M/s) | Payload:  1.47 KB/s
[2026-08-04T17:26:01.026500+00:00] 📊 [NOMINAL  ] [Batch #010909] FPS:  55.9 /  60.0 target | SIMD: 2.75ms (364.25 M/s) | Payload:  1.47 KB/s
[2026-08-04T17:26:02.040350+00:00] 📊 [NOMINAL  ] [Batch #010965] FPS:  55.2 /  60.0 target | SIMD: 3.02ms (331.01 M/s) | Payload:  1.46 KB/s
[2026-08-04T17:26:03.046833+00:00] 📊 [NOMINAL  ] [Batch #011021] FPS:  55.6 /  60.0 target | SIMD: 3.08ms (324.27 M/s) | Payload:  1.47 KB/s
[2026-08-04T17:26:04.056760+00:00] 📊 [NOMINAL  ] [Batch #011077] FPS:  55.5 /  60.0 target | SIMD: 2.77ms (361.21 M/s) | Payload:  1.46 KB/s
[2026-08-04T17:26:05.069846+00:00] 📊 [NOMINAL  ] [Batch #011133] FPS:  55.3 /  60.0 target | SIMD: 3.28ms (304.90 M/s) | Payload:  1.46 KB/s
[2026-08-04T17:26:06.080775+00:00] 📊 [NOMINAL  ] [Batch #011189] FPS:  55.4 /  60.0 target | SIMD: 3.72ms (268.90 M/s) | Payload:  1.46 KB/s
[2026-08-04T17:26:07.083377+00:00] 📊 [NOMINAL  ] [Batch #011244] FPS:  54.9 /  60.0 target | SIMD: 3.91ms (255.63 M/s) | Payload:  1.45 KB/s
[2026-08-04T17:26:08.099473+00:00] 📊 [NOMINAL  ] [Batch #011300] FPS:  55.1 /  60.0 target | SIMD: 3.76ms (265.62 M/s) | Payload:  1.45 KB/s
[2026-08-04T17:26:09.111469+00:00] 📊 [NOMINAL  ] [Batch #011356] FPS:  55.3 /  60.0 target | SIMD: 3.92ms (254.81 M/s) | Payload:  1.46 KB/s
[2026-08-04T17:26:10.125743+00:00] 📊 [NOMINAL  ] [Batch #011412] FPS:  55.2 /  60.0 target | SIMD: 3.14ms (318.86 M/s) | Payload:  1.46 KB/s
[2026-08-04T17:26:11.133089+00:00] 📊 [NOMINAL  ] [Batch #011468] FPS:  55.6 /  60.0 target | SIMD: 2.76ms (362.11 M/s) | Payload:  1.47 KB/s
[2026-08-04T17:26:11.291530+00:00] 🛑 Received SIGTERM. Initiating instant graceful shutdown...
[2026-08-04T17:26:11.300735+00:00] 🏁 Stream client shutdown sequence finished cleanly.
[2026-08-04T17:26:12.036865+00:00] 🚀 Initializing Async gRPC Streamer (Signal Handler Active)
[2026-08-04T17:26:12.036983+00:00]    Target: 127.0.0.1:50051 | Max FPS: 60.0 | Log File: /data/data/com.termux/files/home/Tordial-GS-_Manifold/Jiggler/telemetry.log
[2026-08-04T17:26:12.096007+00:00] ✅ Connected to gRPC Server at 127.0.0.1:50051
[2026-08-04T17:26:13.101781+00:00] 📊 [NOMINAL  ] [Batch #000056] FPS:  55.7 /  60.0 target | SIMD: 3.21ms (311.86 M/s) | Payload:  1.47 KB/s
[2026-08-04T17:26:14.111873+00:00] 📊 [NOMINAL  ] [Batch #000111] FPS:  54.4 /  60.0 target | SIMD: 3.65ms (273.80 M/s) | Payload:  1.44 KB/s
[2026-08-04T17:26:15.121845+00:00] 📊 [NOMINAL  ] [Batch #000166] FPS:  54.5 /  60.0 target | SIMD: 3.31ms (302.02 M/s) | Payload:  1.44 KB/s
[2026-08-04T17:26:16.132722+00:00] 📊 [NOMINAL  ] [Batch #000222] FPS:  55.4 /  60.0 target | SIMD: 3.00ms (333.26 M/s) | Payload:  1.46 KB/s
[2026-08-04T17:26:17.134223+00:00] 📊 [NOMINAL  ] [Batch #000278] FPS:  55.9 /  60.0 target | SIMD: 2.65ms (377.16 M/s) | Payload:  1.47 KB/s
[2026-08-04T17:26:18.143885+00:00] 📊 [NOMINAL  ] [Batch #000334] FPS:  55.5 /  60.0 target | SIMD: 3.13ms (319.60 M/s) | Payload:  1.46 KB/s
[2026-08-04T17:26:19.157111+00:00] 📊 [NOMINAL  ] [Batch #000390] FPS:  55.3 /  60.0 target | SIMD: 2.84ms (352.28 M/s) | Payload:  1.46 KB/s
[2026-08-04T17:26:20.177187+00:00] 📊 [NOMINAL  ] [Batch #000446] FPS:  54.9 /  60.0 target | SIMD: 3.88ms (257.64 M/s) | Payload:  1.45 KB/s
[2026-08-04T17:26:21.178855+00:00] 📊 [NOMINAL  ] [Batch #000502] FPS:  55.9 /  60.0 target | SIMD: 3.14ms (318.47 M/s) | Payload:  1.47 KB/s
[2026-08-04T17:26:22.183010+00:00] 📊 [NOMINAL  ] [Batch #000557] FPS:  54.8 /  60.0 target | SIMD: 3.65ms (274.23 M/s) | Payload:  1.44 KB/s
[2026-08-04T17:26:23.198070+00:00] 📊 [NOMINAL  ] [Batch #000613] FPS:  55.2 /  60.0 target | SIMD: 3.00ms (332.82 M/s) | Payload:  1.45 KB/s
[2026-08-04T17:26:24.199525+00:00] 📊 [NOMINAL  ] [Batch #000669] FPS:  55.9 /  60.0 target | SIMD: 2.59ms (385.68 M/s) | Payload:  1.47 KB/s
[2026-08-04T17:26:25.205717+00:00] 📊 [NOMINAL  ] [Batch #000725] FPS:  55.7 /  60.0 target | SIMD: 3.26ms (306.95 M/s) | Payload:  1.47 KB/s
[2026-08-04T17:26:26.219460+00:00] 📊 [NOMINAL  ] [Batch #000781] FPS:  55.2 /  60.0 target | SIMD: 2.64ms (378.97 M/s) | Payload:  1.46 KB/s
[2026-08-04T17:26:27.228124+00:00] 📊 [NOMINAL  ] [Batch #000838] FPS:  56.5 /  60.0 target | SIMD: 2.03ms (492.72 M/s) | Payload:  1.49 KB/s
[2026-08-04T17:26:28.236476+00:00] 📊 [NOMINAL  ] [Batch #000895] FPS:  56.5 /  60.0 target | SIMD: 1.33ms (751.77 M/s) | Payload:  1.49 KB/s
[2026-08-04T17:26:29.246467+00:00] 📊 [NOMINAL  ] [Batch #000951] FPS:  55.4 /  60.0 target | SIMD: 2.03ms (493.53 M/s) | Payload:  1.46 KB/s
[2026-08-04T17:26:30.259078+00:00] 📊 [NOMINAL  ] [Batch #001008] FPS:  56.3 /  60.0 target | SIMD: 1.42ms (705.72 M/s) | Payload:  1.48 KB/s
[2026-08-04T17:26:31.269974+00:00] 📊 [NOMINAL  ] [Batch #001065] FPS:  56.4 /  60.0 target | SIMD: 1.47ms (681.85 M/s) | Payload:  1.49 KB/s
[2026-08-04T17:26:32.285135+00:00] 📊 [NOMINAL  ] [Batch #001122] FPS:  56.1 /  60.0 target | SIMD: 2.07ms (483.81 M/s) | Payload:  1.48 KB/s
[2026-08-04T17:26:33.292024+00:00] 📊 [NOMINAL  ] [Batch #001178] FPS:  55.6 /  60.0 target | SIMD: 2.36ms (424.19 M/s) | Payload:  1.47 KB/s
[2026-08-04T17:26:34.301646+00:00] 📊 [NOMINAL  ] [Batch #001235] FPS:  56.5 /  60.0 target | SIMD: 1.77ms (565.70 M/s) | Payload:  1.49 KB/s
[2026-08-04T17:26:35.308407+00:00] 📊 [NOMINAL  ] [Batch #001292] FPS:  56.6 /  60.0 target | SIMD: 1.70ms (588.94 M/s) | Payload:  1.49 KB/s
[2026-08-04T17:26:36.311424+00:00] 📊 [NOMINAL  ] [Batch #001349] FPS:  56.8 /  60.0 target | SIMD: 1.45ms (691.29 M/s) | Payload:  1.50 KB/s
[2026-08-04T17:26:37.328477+00:00] 📊 [NOMINAL  ] [Batch #001406] FPS:  56.0 /  60.0 target | SIMD: 1.94ms (515.91 M/s) | Payload:  1.48 KB/s
[2026-08-04T17:26:38.341929+00:00] 📊 [NOMINAL  ] [Batch #001462] FPS:  55.3 /  60.0 target | SIMD: 3.99ms (250.37 M/s) | Payload:  1.46 KB/s
[2026-08-04T17:26:39.352411+00:00] 📊 [NOMINAL  ] [Batch #001518] FPS:  55.4 /  60.0 target | SIMD: 4.35ms (230.02 M/s) | Payload:  1.46 KB/s
[2026-08-04T17:26:40.353055+00:00] 📊 [NOMINAL  ] [Batch #001572] FPS:  54.0 /  60.0 target | SIMD: 4.99ms (200.22 M/s) | Payload:  1.42 KB/s
[2026-08-04T17:26:41.353415+00:00] 📊 [NOMINAL  ] [Batch #001626] FPS:  54.0 /  60.0 target | SIMD: 4.42ms (226.42 M/s) | Payload:  1.42 KB/s
[2026-08-04T17:26:42.366866+00:00] 📊 [NOMINAL  ] [Batch #001681] FPS:  54.3 /  60.0 target | SIMD: 3.39ms (294.82 M/s) | Payload:  1.43 KB/s
[2026-08-04T17:26:43.370600+00:00] 📊 [NOMINAL  ] [Batch #001735] FPS:  53.8 /  60.0 target | SIMD: 4.10ms (243.69 M/s) | Payload:  1.42 KB/s
[2026-08-04T17:26:44.373530+00:00] 📊 [NOMINAL  ] [Batch #001790] FPS:  54.8 /  60.0 target | SIMD: 3.01ms (331.71 M/s) | Payload:  1.45 KB/s
[2026-08-04T17:26:45.383686+00:00] 📊 [NOMINAL  ] [Batch #001845] FPS:  54.4 /  60.0 target | SIMD: 4.66ms (214.40 M/s) | Payload:  1.44 KB/s
[2026-08-04T17:26:46.395203+00:00] 📊 [NOMINAL  ] [Batch #001901] FPS:  55.4 /  60.0 target | SIMD: 3.44ms (290.53 M/s) | Payload:  1.46 KB/s
[2026-08-04T17:26:47.407868+00:00] 📊 [NOMINAL  ] [Batch #001957] FPS:  55.3 /  60.0 target | SIMD: 3.52ms (283.74 M/s) | Payload:  1.46 KB/s
[2026-08-04T17:26:48.424901+00:00] 📊 [NOMINAL  ] [Batch #002013] FPS:  55.1 /  60.0 target | SIMD: 3.72ms (268.60 M/s) | Payload:  1.45 KB/s
[2026-08-04T17:26:49.434085+00:00] 📊 [NOMINAL  ] [Batch #002069] FPS:  55.5 /  60.0 target | SIMD: 3.86ms (258.86 M/s) | Payload:  1.46 KB/s
[2026-08-04T17:26:50.439437+00:00] 📊 [NOMINAL  ] [Batch #002125] FPS:  55.7 /  60.0 target | SIMD: 2.51ms (398.28 M/s) | Payload:  1.47 KB/s
[2026-08-04T17:26:51.441369+00:00] 📊 [NOMINAL  ] [Batch #002181] FPS:  55.9 /  60.0 target | SIMD: 2.55ms (391.71 M/s) | Payload:  1.47 KB/s
[2026-08-04T17:26:52.457098+00:00] 📊 [NOMINAL  ] [Batch #002237] FPS:  55.1 /  60.0 target | SIMD: 3.04ms (329.23 M/s) | Payload:  1.45 KB/s
[2026-08-04T17:26:53.472507+00:00] 📊 [NOMINAL  ] [Batch #002293] FPS:  55.2 /  60.0 target | SIMD: 3.07ms (325.27 M/s) | Payload:  1.45 KB/s
[2026-08-04T17:26:54.482650+00:00] 📊 [NOMINAL  ] [Batch #002349] FPS:  55.4 /  60.0 target | SIMD: 3.05ms (328.21 M/s) | Payload:  1.46 KB/s
[2026-08-04T17:26:55.490474+00:00] 📊 [NOMINAL  ] [Batch #002405] FPS:  55.6 /  60.0 target | SIMD: 3.08ms (324.45 M/s) | Payload:  1.46 KB/s
[2026-08-04T17:26:56.503496+00:00] 📊 [NOMINAL  ] [Batch #002462] FPS:  56.3 /  60.0 target | SIMD: 2.41ms (414.93 M/s) | Payload:  1.48 KB/s
[2026-08-04T17:26:57.507338+00:00] 📊 [NOMINAL  ] [Batch #002517] FPS:  54.8 /  60.0 target | SIMD: 3.10ms (322.62 M/s) | Payload:  1.44 KB/s
[2026-08-04T17:26:58.511576+00:00] 📊 [NOMINAL  ] [Batch #002573] FPS:  55.8 /  60.0 target | SIMD: 2.99ms (334.47 M/s) | Payload:  1.47 KB/s
[2026-08-04T17:26:59.514709+00:00] 📊 [NOMINAL  ] [Batch #002629] FPS:  55.8 /  60.0 target | SIMD: 2.38ms (420.79 M/s) | Payload:  1.47 KB/s
[2026-08-04T17:27:00.517129+00:00] 📊 [NOMINAL  ] [Batch #002685] FPS:  55.9 /  60.0 target | SIMD: 2.64ms (378.08 M/s) | Payload:  1.47 KB/s
[2026-08-04T17:27:01.532385+00:00] 📊 [NOMINAL  ] [Batch #002741] FPS:  55.2 /  60.0 target | SIMD: 2.52ms (396.40 M/s) | Payload:  1.45 KB/s
[2026-08-04T17:27:02.541255+00:00] 📊 [NOMINAL  ] [Batch #002798] FPS:  56.5 /  60.0 target | SIMD: 2.10ms (475.95 M/s) | Payload:  1.49 KB/s
[2026-08-04T17:27:03.541493+00:00] 📊 [NOMINAL  ] [Batch #002854] FPS:  56.0 /  60.0 target | SIMD: 1.98ms (503.79 M/s) | Payload:  1.48 KB/s
[2026-08-04T17:27:04.558493+00:00] 📊 [NOMINAL  ] [Batch #002911] FPS:  56.0 /  60.0 target | SIMD: 2.09ms (477.44 M/s) | Payload:  1.48 KB/s
[2026-08-04T17:27:05.574419+00:00] 📊 [NOMINAL  ] [Batch #002967] FPS:  55.1 /  60.0 target | SIMD: 3.12ms (320.25 M/s) | Payload:  1.45 KB/s
[2026-08-04T17:27:06.579818+00:00] 📊 [NOMINAL  ] [Batch #003022] FPS:  54.7 /  60.0 target | SIMD: 3.04ms (328.55 M/s) | Payload:  1.44 KB/s
[2026-08-04T17:27:07.590794+00:00] 📊 [NOMINAL  ] [Batch #003078] FPS:  55.4 /  60.0 target | SIMD: 3.45ms (289.55 M/s) | Payload:  1.46 KB/s
[2026-08-04T17:27:08.603440+00:00] 📊 [NOMINAL  ] [Batch #003134] FPS:  55.3 /  60.0 target | SIMD: 3.72ms (268.46 M/s) | Payload:  1.46 KB/s
[2026-08-04T17:27:09.621334+00:00] 📊 [NOMINAL  ] [Batch #003191] FPS:  56.0 /  60.0 target | SIMD: 1.83ms (547.13 M/s) | Payload:  1.48 KB/s
[2026-08-04T17:27:10.638255+00:00] 📊 [NOMINAL  ] [Batch #003248] FPS:  56.1 /  60.0 target | SIMD: 2.13ms (469.35 M/s) | Payload:  1.48 KB/s
[2026-08-04T17:27:11.643576+00:00] 📊 [NOMINAL  ] [Batch #003304] FPS:  55.7 /  60.0 target | SIMD: 2.48ms (402.76 M/s) | Payload:  1.47 KB/s
[2026-08-04T17:27:12.644060+00:00] 📊 [NOMINAL  ] [Batch #003359] FPS:  55.0 /  60.0 target | SIMD: 2.75ms (363.76 M/s) | Payload:  1.45 KB/s
[2026-08-04T17:27:13.654178+00:00] 📊 [NOMINAL  ] [Batch #003415] FPS:  55.4 /  60.0 target | SIMD: 3.23ms (309.83 M/s) | Payload:  1.46 KB/s
[2026-08-04T17:27:14.655681+00:00] 📊 [NOMINAL  ] [Batch #003471] FPS:  55.9 /  60.0 target | SIMD: 2.39ms (417.74 M/s) | Payload:  1.47 KB/s
[2026-08-04T17:27:15.662586+00:00] 📊 [NOMINAL  ] [Batch #003527] FPS:  55.6 /  60.0 target | SIMD: 3.49ms (286.15 M/s) | Payload:  1.47 KB/s
[2026-08-04T17:27:16.668150+00:00] 📊 [NOMINAL  ] [Batch #003582] FPS:  54.7 /  60.0 target | SIMD: 4.04ms (247.80 M/s) | Payload:  1.44 KB/s
[2026-08-04T17:27:17.678802+00:00] 📊 [NOMINAL  ] [Batch #003637] FPS:  54.4 /  60.0 target | SIMD: 3.99ms (250.71 M/s) | Payload:  1.43 KB/s
[2026-08-04T17:27:18.678906+00:00] 📊 [NOMINAL  ] [Batch #003693] FPS:  56.0 /  60.0 target | SIMD: 2.87ms (348.54 M/s) | Payload:  1.48 KB/s
[2026-08-04T17:27:19.686899+00:00] 📊 [NOMINAL  ] [Batch #003749] FPS:  55.6 /  60.0 target | SIMD: 2.69ms (372.08 M/s) | Payload:  1.46 KB/s
[2026-08-04T17:27:20.695843+00:00] 📊 [NOMINAL  ] [Batch #003805] FPS:  55.5 /  60.0 target | SIMD: 2.87ms (348.59 M/s) | Payload:  1.46 KB/s
[2026-08-04T17:27:21.709795+00:00] 📊 [NOMINAL  ] [Batch #003861] FPS:  55.2 /  60.0 target | SIMD: 2.96ms (338.30 M/s) | Payload:  1.46 KB/s
[2026-08-04T17:27:22.727879+00:00] 📊 [NOMINAL  ] [Batch #003917] FPS:  55.0 /  60.0 target | SIMD: 3.11ms (321.09 M/s) | Payload:  1.45 KB/s
[2026-08-04T17:27:23.728366+00:00] 📊 [NOMINAL  ] [Batch #003973] FPS:  56.0 /  60.0 target | SIMD: 3.09ms (323.95 M/s) | Payload:  1.48 KB/s
[2026-08-04T17:27:24.729637+00:00] 📊 [NOMINAL  ] [Batch #004029] FPS:  55.9 /  60.0 target | SIMD: 1.84ms (542.90 M/s) | Payload:  1.47 KB/s
[2026-08-04T17:27:25.744559+00:00] 📊 [NOMINAL  ] [Batch #004086] FPS:  56.2 /  60.0 target | SIMD: 2.25ms (443.56 M/s) | Payload:  1.48 KB/s
[2026-08-04T17:27:26.751409+00:00] 📊 [NOMINAL  ] [Batch #004141] FPS:  54.6 /  60.0 target | SIMD: 3.10ms (322.84 M/s) | Payload:  1.44 KB/s
[2026-08-04T17:27:27.757097+00:00] 📊 [NOMINAL  ] [Batch #004197] FPS:  55.7 /  60.0 target | SIMD: 2.83ms (353.95 M/s) | Payload:  1.47 KB/s
[2026-08-04T17:27:28.775090+00:00] 📊 [NOMINAL  ] [Batch #004254] FPS:  56.0 /  60.0 target | SIMD: 2.31ms (433.58 M/s) | Payload:  1.48 KB/s
[2026-08-04T17:27:29.778419+00:00] 📊 [NOMINAL  ] [Batch #004311] FPS:  56.8 /  60.0 target | SIMD: 2.17ms (460.01 M/s) | Payload:  1.50 KB/s
[2026-08-04T17:27:30.790306+00:00] 📊 [NOMINAL  ] [Batch #004368] FPS:  56.3 /  60.0 target | SIMD: 2.60ms (385.27 M/s) | Payload:  1.49 KB/s
[2026-08-04T17:27:31.802709+00:00] 📊 [NOMINAL  ] [Batch #004424] FPS:  55.3 /  60.0 target | SIMD: 2.83ms (353.69 M/s) | Payload:  1.46 KB/s
[2026-08-04T17:27:32.806746+00:00] 📊 [NOMINAL  ] [Batch #004479] FPS:  54.8 /  60.0 target | SIMD: 3.63ms (275.11 M/s) | Payload:  1.44 KB/s
[2026-08-04T17:27:33.823021+00:00] 📊 [NOMINAL  ] [Batch #004535] FPS:  55.2 /  60.0 target | SIMD: 3.15ms (317.58 M/s) | Payload:  1.45 KB/s
[2026-08-04T17:27:34.826493+00:00] 📊 [NOMINAL  ] [Batch #004591] FPS:  55.7 /  60.0 target | SIMD: 3.09ms (323.75 M/s) | Payload:  1.47 KB/s
[2026-08-04T17:27:35.835003+00:00] 📊 [NOMINAL  ] [Batch #004647] FPS:  55.5 /  60.0 target | SIMD: 3.02ms (331.52 M/s) | Payload:  1.46 KB/s
[2026-08-04T17:27:36.838902+00:00] 📊 [NOMINAL  ] [Batch #004703] FPS:  55.8 /  60.0 target | SIMD: 2.70ms (370.05 M/s) | Payload:  1.47 KB/s
[2026-08-04T17:27:37.842080+00:00] 📊 [NOMINAL  ] [Batch #004758] FPS:  54.8 /  60.0 target | SIMD: 3.23ms (310.02 M/s) | Payload:  1.45 KB/s
[2026-08-04T17:27:38.860283+00:00] 📊 [NOMINAL  ] [Batch #004815] FPS:  56.0 /  60.0 target | SIMD: 1.96ms (510.97 M/s) | Payload:  1.48 KB/s
[2026-08-04T17:27:39.706313+00:00] ⚠️ EVENT: Throttle Engaged | (16.72ms > 16.67ms). Target FPS: 60.0 -> 52.0
[2026-08-04T17:27:39.730645+00:00] 🟢 EVENT: Throttle Disengaged | Target FPS restored to 60.0
[2026-08-04T17:27:39.873344+00:00] 📊 [NOMINAL  ] [Batch #004871] FPS:  55.3 /  60.0 target | SIMD: 2.96ms (338.21 M/s) | Payload:  1.46 KB/s
[2026-08-04T17:27:40.875646+00:00] 📊 [NOMINAL  ] [Batch #004927] FPS:  55.9 /  60.0 target | SIMD: 2.35ms (425.15 M/s) | Payload:  1.47 KB/s
[2026-08-04T17:27:41.879916+00:00] 📊 [NOMINAL  ] [Batch #004983] FPS:  55.8 /  60.0 target | SIMD: 2.84ms (352.17 M/s) | Payload:  1.47 KB/s
[2026-08-04T17:27:42.893121+00:00] 📊 [NOMINAL  ] [Batch #005039] FPS:  55.3 /  60.0 target | SIMD: 3.00ms (333.44 M/s) | Payload:  1.46 KB/s
[2026-08-04T17:27:43.901896+00:00] 📊 [NOMINAL  ] [Batch #005096] FPS:  56.5 /  60.0 target | SIMD: 2.06ms (485.48 M/s) | Payload:  1.49 KB/s
[2026-08-04T17:27:44.911222+00:00] 📊 [NOMINAL  ] [Batch #005153] FPS:  56.5 /  60.0 target | SIMD: 1.85ms (539.36 M/s) | Payload:  1.49 KB/s
[2026-08-04T17:27:45.923531+00:00] 📊 [NOMINAL  ] [Batch #005210] FPS:  56.3 /  60.0 target | SIMD: 2.79ms (358.26 M/s) | Payload:  1.48 KB/s
[2026-08-04T17:27:46.935696+00:00] 📊 [NOMINAL  ] [Batch #005266] FPS:  55.3 /  60.0 target | SIMD: 3.21ms (311.92 M/s) | Payload:  1.46 KB/s
[2026-08-04T17:27:47.943928+00:00] 📊 [NOMINAL  ] [Batch #005322] FPS:  55.5 /  60.0 target | SIMD: 3.53ms (283.42 M/s) | Payload:  1.46 KB/s
[2026-08-04T17:27:48.961338+00:00] 📊 [NOMINAL  ] [Batch #005378] FPS:  55.0 /  60.0 target | SIMD: 3.53ms (283.37 M/s) | Payload:  1.45 KB/s
[2026-08-04T17:27:49.969386+00:00] 📊 [NOMINAL  ] [Batch #005434] FPS:  55.6 /  60.0 target | SIMD: 3.20ms (312.23 M/s) | Payload:  1.46 KB/s
[2026-08-04T17:27:50.979681+00:00] 📊 [NOMINAL  ] [Batch #005490] FPS:  55.4 /  60.0 target | SIMD: 2.41ms (415.08 M/s) | Payload:  1.46 KB/s
[2026-08-04T17:27:51.987651+00:00] 📊 [NOMINAL  ] [Batch #005546] FPS:  55.6 /  60.0 target | SIMD: 2.10ms (476.11 M/s) | Payload:  1.46 KB/s
[2026-08-04T17:27:52.990976+00:00] 📊 [NOMINAL  ] [Batch #005602] FPS:  55.8 /  60.0 target | SIMD: 2.22ms (451.12 M/s) | Payload:  1.47 KB/s
[2026-08-04T17:27:53.996715+00:00] 📊 [NOMINAL  ] [Batch #005658] FPS:  55.7 /  60.0 target | SIMD: 3.04ms (329.31 M/s) | Payload:  1.47 KB/s
[2026-08-04T17:27:55.011813+00:00] 📊 [NOMINAL  ] [Batch #005715] FPS:  56.2 /  60.0 target | SIMD: 3.48ms (286.99 M/s) | Payload:  1.48 KB/s
[2026-08-04T17:27:56.022401+00:00] 📊 [NOMINAL  ] [Batch #005771] FPS:  55.4 /  60.0 target | SIMD: 3.75ms (266.40 M/s) | Payload:  1.46 KB/s
[2026-08-04T17:27:57.027177+00:00] 📊 [NOMINAL  ] [Batch #005827] FPS:  55.7 /  60.0 target | SIMD: 2.77ms (360.94 M/s) | Payload:  1.47 KB/s
[2026-08-04T17:27:58.036888+00:00] 📊 [NOMINAL  ] [Batch #005883] FPS:  55.5 /  60.0 target | SIMD: 3.67ms (272.42 M/s) | Payload:  1.46 KB/s
[2026-08-04T17:27:59.050897+00:00] 📊 [NOMINAL  ] [Batch #005939] FPS:  55.2 /  60.0 target | SIMD: 3.71ms (269.72 M/s) | Payload:  1.46 KB/s
[2026-08-04T17:28:00.056068+00:00] 📊 [NOMINAL  ] [Batch #005994] FPS:  54.7 /  60.0 target | SIMD: 3.81ms (262.32 M/s) | Payload:  1.44 KB/s
[2026-08-04T17:28:01.059119+00:00] 📊 [NOMINAL  ] [Batch #006049] FPS:  54.8 /  60.0 target | SIMD: 3.22ms (310.36 M/s) | Payload:  1.45 KB/s
[2026-08-04T17:28:02.068490+00:00] 📊 [NOMINAL  ] [Batch #006105] FPS:  55.5 /  60.0 target | SIMD: 3.14ms (318.27 M/s) | Payload:  1.46 KB/s
[2026-08-04T17:28:03.073506+00:00] 📊 [NOMINAL  ] [Batch #006160] FPS:  54.7 /  60.0 target | SIMD: 3.10ms (322.86 M/s) | Payload:  1.44 KB/s
[2026-08-04T17:28:04.086696+00:00] 📊 [NOMINAL  ] [Batch #006216] FPS:  55.3 /  60.0 target | SIMD: 2.76ms (362.20 M/s) | Payload:  1.46 KB/s
[2026-08-04T17:28:05.089909+00:00] 📊 [NOMINAL  ] [Batch #006271] FPS:  54.8 /  60.0 target | SIMD: 3.56ms (281.16 M/s) | Payload:  1.45 KB/s
[2026-08-04T17:28:06.092630+00:00] 📊 [NOMINAL  ] [Batch #006326] FPS:  54.9 /  60.0 target | SIMD: 3.45ms (289.91 M/s) | Payload:  1.45 KB/s
[2026-08-04T17:28:07.093563+00:00] 📊 [NOMINAL  ] [Batch #006382] FPS:  55.9 /  60.0 target | SIMD: 2.34ms (427.20 M/s) | Payload:  1.47 KB/s
[2026-08-04T17:28:08.104389+00:00] 📊 [NOMINAL  ] [Batch #006438] FPS:  55.4 /  60.0 target | SIMD: 3.30ms (303.42 M/s) | Payload:  1.46 KB/s
[2026-08-04T17:28:09.118064+00:00] 📊 [NOMINAL  ] [Batch #006494] FPS:  55.2 /  60.0 target | SIMD: 3.37ms (296.50 M/s) | Payload:  1.46 KB/s
[2026-08-04T17:28:10.122218+00:00] 📊 [NOMINAL  ] [Batch #006550] FPS:  55.8 /  60.0 target | SIMD: 3.53ms (282.98 M/s) | Payload:  1.47 KB/s
[2026-08-04T17:28:11.130294+00:00] 📊 [NOMINAL  ] [Batch #006606] FPS:  55.6 /  60.0 target | SIMD: 3.78ms (264.61 M/s) | Payload:  1.46 KB/s
[2026-08-04T17:28:12.136957+00:00] 📊 [NOMINAL  ] [Batch #006662] FPS:  55.6 /  60.0 target | SIMD: 3.65ms (274.19 M/s) | Payload:  1.47 KB/s
[2026-08-04T17:28:13.153170+00:00] 📊 [NOMINAL  ] [Batch #006718] FPS:  55.1 /  60.0 target | SIMD: 3.67ms (272.25 M/s) | Payload:  1.45 KB/s
[2026-08-04T17:28:14.159930+00:00] 📊 [NOMINAL  ] [Batch #006774] FPS:  55.6 /  60.0 target | SIMD: 3.40ms (293.77 M/s) | Payload:  1.47 KB/s
[2026-08-04T17:28:15.164157+00:00] 📊 [NOMINAL  ] [Batch #006829] FPS:  54.8 /  60.0 target | SIMD: 3.40ms (294.55 M/s) | Payload:  1.44 KB/s
[2026-08-04T17:28:16.167756+00:00] 📊 [NOMINAL  ] [Batch #006884] FPS:  54.8 /  60.0 target | SIMD: 3.20ms (312.85 M/s) | Payload:  1.44 KB/s
[2026-08-04T17:28:17.168522+00:00] 📊 [NOMINAL  ] [Batch #006939] FPS:  55.0 /  60.0 target | SIMD: 3.59ms (278.36 M/s) | Payload:  1.45 KB/s
[2026-08-04T17:28:18.177702+00:00] 📊 [NOMINAL  ] [Batch #006995] FPS:  55.5 /  60.0 target | SIMD: 3.50ms (285.95 M/s) | Payload:  1.46 KB/s
[2026-08-04T17:28:19.187134+00:00] 📊 [NOMINAL  ] [Batch #007051] FPS:  55.5 /  60.0 target | SIMD: 3.71ms (269.51 M/s) | Payload:  1.46 KB/s
[2026-08-04T17:28:20.195304+00:00] 📊 [NOMINAL  ] [Batch #007107] FPS:  55.5 /  60.0 target | SIMD: 3.25ms (307.73 M/s) | Payload:  1.46 KB/s
[2026-08-04T17:28:21.203135+00:00] 📊 [NOMINAL  ] [Batch #007163] FPS:  55.6 /  60.0 target | SIMD: 3.62ms (276.22 M/s) | Payload:  1.47 KB/s
[2026-08-04T17:28:22.207503+00:00] 📊 [NOMINAL  ] [Batch #007219] FPS:  55.8 /  60.0 target | SIMD: 3.14ms (318.84 M/s) | Payload:  1.47 KB/s
[2026-08-04T17:28:23.214921+00:00] 📊 [NOMINAL  ] [Batch #007275] FPS:  55.6 /  60.0 target | SIMD: 3.07ms (325.94 M/s) | Payload:  1.47 KB/s
[2026-08-04T17:28:24.224610+00:00] 📊 [NOMINAL  ] [Batch #007331] FPS:  55.5 /  60.0 target | SIMD: 3.70ms (270.34 M/s) | Payload:  1.46 KB/s
[2026-08-04T17:28:25.226238+00:00] 📊 [NOMINAL  ] [Batch #007387] FPS:  55.9 /  60.0 target | SIMD: 2.99ms (334.47 M/s) | Payload:  1.47 KB/s
[2026-08-04T17:28:26.234177+00:00] 📊 [NOMINAL  ] [Batch #007443] FPS:  55.6 /  60.0 target | SIMD: 3.15ms (317.15 M/s) | Payload:  1.46 KB/s
[2026-08-04T17:28:27.240498+00:00] 📊 [NOMINAL  ] [Batch #007499] FPS:  55.6 /  60.0 target | SIMD: 3.50ms (285.74 M/s) | Payload:  1.47 KB/s
[2026-08-04T17:28:28.249147+00:00] 📊 [NOMINAL  ] [Batch #007555] FPS:  55.5 /  60.0 target | SIMD: 3.17ms (315.04 M/s) | Payload:  1.46 KB/s
[2026-08-04T17:28:29.254706+00:00] 📊 [NOMINAL  ] [Batch #007611] FPS:  55.7 /  60.0 target | SIMD: 2.81ms (355.83 M/s) | Payload:  1.47 KB/s
[2026-08-04T17:28:30.261732+00:00] 📊 [NOMINAL  ] [Batch #007667] FPS:  55.6 /  60.0 target | SIMD: 3.19ms (313.47 M/s) | Payload:  1.47 KB/s
[2026-08-04T17:28:31.278956+00:00] 📊 [NOMINAL  ] [Batch #007723] FPS:  55.1 /  60.0 target | SIMD: 3.54ms (282.24 M/s) | Payload:  1.45 KB/s
[2026-08-04T17:28:32.289891+00:00] 📊 [NOMINAL  ] [Batch #007779] FPS:  55.4 /  60.0 target | SIMD: 3.88ms (257.74 M/s) | Payload:  1.46 KB/s
[2026-08-04T17:28:33.299845+00:00] 📊 [NOMINAL  ] [Batch #007835] FPS:  55.4 /  60.0 target | SIMD: 3.34ms (299.68 M/s) | Payload:  1.46 KB/s
[2026-08-04T17:28:34.305132+00:00] 📊 [NOMINAL  ] [Batch #007890] FPS:  54.7 /  60.0 target | SIMD: 2.99ms (334.68 M/s) | Payload:  1.44 KB/s
[2026-08-04T17:28:35.318801+00:00] 📊 [NOMINAL  ] [Batch #007946] FPS:  55.2 /  60.0 target | SIMD: 3.15ms (317.57 M/s) | Payload:  1.46 KB/s
[2026-08-04T17:28:36.335054+00:00] 📊 [NOMINAL  ] [Batch #008002] FPS:  55.1 /  60.0 target | SIMD: 3.36ms (297.83 M/s) | Payload:  1.45 KB/s
[2026-08-04T17:28:37.340355+00:00] 📊 [NOMINAL  ] [Batch #008058] FPS:  55.7 /  60.0 target | SIMD: 3.10ms (322.44 M/s) | Payload:  1.47 KB/s
[2026-08-04T17:28:38.349250+00:00] 📊 [NOMINAL  ] [Batch #008114] FPS:  55.5 /  60.0 target | SIMD: 3.21ms (311.65 M/s) | Payload:  1.46 KB/s
[2026-08-04T17:28:39.365084+00:00] 📊 [NOMINAL  ] [Batch #008170] FPS:  55.1 /  60.0 target | SIMD: 3.84ms (260.62 M/s) | Payload:  1.45 KB/s
[2026-08-04T17:28:40.382959+00:00] 📊 [NOMINAL  ] [Batch #008227] FPS:  56.0 /  60.0 target | SIMD: 2.92ms (342.34 M/s) | Payload:  1.48 KB/s
[2026-08-04T17:28:41.394838+00:00] 📊 [NOMINAL  ] [Batch #008283] FPS:  55.3 /  60.0 target | SIMD: 2.36ms (424.50 M/s) | Payload:  1.46 KB/s
[2026-08-04T17:28:42.402396+00:00] 📊 [NOMINAL  ] [Batch #008338] FPS:  54.6 /  60.0 target | SIMD: 3.35ms (298.77 M/s) | Payload:  1.44 KB/s
[2026-08-04T17:28:43.404912+00:00] 📊 [NOMINAL  ] [Batch #008393] FPS:  54.9 /  60.0 target | SIMD: 3.47ms (288.33 M/s) | Payload:  1.45 KB/s
[2026-08-04T17:28:44.417467+00:00] 📊 [NOMINAL  ] [Batch #008449] FPS:  55.3 /  60.0 target | SIMD: 3.09ms (324.05 M/s) | Payload:  1.46 KB/s
[2026-08-04T17:28:45.427714+00:00] 📊 [NOMINAL  ] [Batch #008505] FPS:  55.4 /  60.0 target | SIMD: 3.31ms (302.23 M/s) | Payload:  1.46 KB/s
[2026-08-04T17:28:46.437353+00:00] 📊 [NOMINAL  ] [Batch #008561] FPS:  55.5 /  60.0 target | SIMD: 3.34ms (299.35 M/s) | Payload:  1.46 KB/s
[2026-08-04T17:28:47.459476+00:00] 📊 [NOMINAL  ] [Batch #008618] FPS:  55.8 /  60.0 target | SIMD: 3.64ms (274.97 M/s) | Payload:  1.47 KB/s
[2026-08-04T17:28:48.470177+00:00] 📊 [NOMINAL  ] [Batch #008674] FPS:  55.4 /  60.0 target | SIMD: 3.56ms (280.83 M/s) | Payload:  1.46 KB/s
[2026-08-04T17:28:49.476876+00:00] 📊 [NOMINAL  ] [Batch #008729] FPS:  54.6 /  60.0 target | SIMD: 3.51ms (284.73 M/s) | Payload:  1.44 KB/s
[2026-08-04T17:28:50.484720+00:00] 📊 [NOMINAL  ] [Batch #008785] FPS:  55.6 /  60.0 target | SIMD: 3.62ms (276.13 M/s) | Payload:  1.47 KB/s
[2026-08-04T17:28:51.491068+00:00] 📊 [NOMINAL  ] [Batch #008841] FPS:  55.6 /  60.0 target | SIMD: 3.62ms (276.27 M/s) | Payload:  1.47 KB/s
[2026-08-04T17:28:52.494834+00:00] 📊 [NOMINAL  ] [Batch #008897] FPS:  55.8 /  60.0 target | SIMD: 3.49ms (286.23 M/s) | Payload:  1.47 KB/s
[2026-08-04T17:28:53.503206+00:00] 📊 [NOMINAL  ] [Batch #008953] FPS:  55.5 /  60.0 target | SIMD: 3.50ms (285.73 M/s) | Payload:  1.46 KB/s
[2026-08-04T17:28:54.506113+00:00] 📊 [NOMINAL  ] [Batch #009008] FPS:  54.8 /  60.0 target | SIMD: 3.29ms (304.19 M/s) | Payload:  1.45 KB/s
[2026-08-04T17:28:55.514136+00:00] 📊 [NOMINAL  ] [Batch #009063] FPS:  54.6 /  60.0 target | SIMD: 3.37ms (296.62 M/s) | Payload:  1.44 KB/s
[2026-08-04T17:28:56.524094+00:00] 📊 [NOMINAL  ] [Batch #009118] FPS:  54.5 /  60.0 target | SIMD: 3.36ms (297.56 M/s) | Payload:  1.44 KB/s
[2026-08-04T17:28:57.531556+00:00] 📊 [NOMINAL  ] [Batch #009174] FPS:  55.6 /  60.0 target | SIMD: 3.39ms (294.71 M/s) | Payload:  1.47 KB/s
[2026-08-04T17:28:58.533719+00:00] 📊 [NOMINAL  ] [Batch #009229] FPS:  54.9 /  60.0 target | SIMD: 3.39ms (295.14 M/s) | Payload:  1.45 KB/s
[2026-08-04T17:28:59.545134+00:00] 📊 [NOMINAL  ] [Batch #009286] FPS:  56.4 /  60.0 target | SIMD: 2.38ms (420.80 M/s) | Payload:  1.49 KB/s
[2026-08-04T17:29:00.554184+00:00] 📊 [NOMINAL  ] [Batch #009342] FPS:  55.5 /  60.0 target | SIMD: 2.44ms (410.49 M/s) | Payload:  1.46 KB/s
[2026-08-04T17:29:01.566993+00:00] 📊 [NOMINAL  ] [Batch #009399] FPS:  56.3 /  60.0 target | SIMD: 2.33ms (428.48 M/s) | Payload:  1.48 KB/s
[2026-08-04T17:29:02.576700+00:00] 📊 [NOMINAL  ] [Batch #009456] FPS:  56.5 /  60.0 target | SIMD: 1.60ms (624.80 M/s) | Payload:  1.49 KB/s
[2026-08-04T17:29:03.579139+00:00] 📊 [NOMINAL  ] [Batch #009512] FPS:  55.9 /  60.0 target | SIMD: 2.89ms (346.23 M/s) | Payload:  1.47 KB/s
[2026-08-04T17:29:04.591609+00:00] 📊 [NOMINAL  ] [Batch #009568] FPS:  55.3 /  60.0 target | SIMD: 3.28ms (305.19 M/s) | Payload:  1.46 KB/s
[2026-08-04T17:29:05.601500+00:00] 📊 [NOMINAL  ] [Batch #009624] FPS:  55.5 /  60.0 target | SIMD: 3.23ms (309.51 M/s) | Payload:  1.46 KB/s
[2026-08-04T17:29:06.612646+00:00] 📊 [NOMINAL  ] [Batch #009680] FPS:  55.4 /  60.0 target | SIMD: 3.31ms (302.39 M/s) | Payload:  1.46 KB/s
[2026-08-04T17:29:07.620253+00:00] 📊 [NOMINAL  ] [Batch #009736] FPS:  55.6 /  60.0 target | SIMD: 3.54ms (282.49 M/s) | Payload:  1.47 KB/s
[2026-08-04T17:29:08.632011+00:00] 📊 [NOMINAL  ] [Batch #009792] FPS:  55.4 /  60.0 target | SIMD: 3.17ms (315.74 M/s) | Payload:  1.46 KB/s
[2026-08-04T17:29:09.643122+00:00] 📊 [NOMINAL  ] [Batch #009848] FPS:  55.4 /  60.0 target | SIMD: 3.43ms (291.20 M/s) | Payload:  1.46 KB/s
[2026-08-04T17:29:10.658828+00:00] 📊 [NOMINAL  ] [Batch #009905] FPS:  56.1 /  60.0 target | SIMD: 3.15ms (317.42 M/s) | Payload:  1.48 KB/s
[2026-08-04T17:29:11.663771+00:00] 📊 [NOMINAL  ] [Batch #009961] FPS:  55.7 /  60.0 target | SIMD: 2.59ms (385.56 M/s) | Payload:  1.47 KB/s
[2026-08-04T17:29:12.676647+00:00] 📊 [NOMINAL  ] [Batch #010017] FPS:  55.3 /  60.0 target | SIMD: 2.98ms (335.18 M/s) | Payload:  1.46 KB/s
[2026-08-04T17:29:13.687087+00:00] 📊 [NOMINAL  ] [Batch #010073] FPS:  55.4 /  60.0 target | SIMD: 3.66ms (273.42 M/s) | Payload:  1.46 KB/s
[2026-08-04T17:29:14.702177+00:00] 📊 [NOMINAL  ] [Batch #010129] FPS:  55.2 /  60.0 target | SIMD: 3.54ms (282.82 M/s) | Payload:  1.45 KB/s
[2026-08-04T17:29:15.721149+00:00] 📊 [NOMINAL  ] [Batch #010185] FPS:  55.0 /  60.0 target | SIMD: 3.63ms (275.41 M/s) | Payload:  1.45 KB/s
[2026-08-04T17:29:16.722043+00:00] 📊 [NOMINAL  ] [Batch #010241] FPS:  55.9 /  60.0 target | SIMD: 3.19ms (313.32 M/s) | Payload:  1.48 KB/s
[2026-08-04T17:29:17.724211+00:00] 📊 [NOMINAL  ] [Batch #010297] FPS:  55.9 /  60.0 target | SIMD: 3.71ms (269.21 M/s) | Payload:  1.47 KB/s
[2026-08-04T17:29:18.734570+00:00] 📊 [NOMINAL  ] [Batch #010353] FPS:  55.4 /  60.0 target | SIMD: 3.64ms (274.99 M/s) | Payload:  1.46 KB/s
[2026-08-04T17:29:19.748025+00:00] 📊 [NOMINAL  ] [Batch #010409] FPS:  55.3 /  60.0 target | SIMD: 3.45ms (290.10 M/s) | Payload:  1.46 KB/s
[2026-08-04T17:29:20.763204+00:00] 📊 [NOMINAL  ] [Batch #010465] FPS:  55.2 /  60.0 target | SIMD: 3.70ms (270.26 M/s) | Payload:  1.45 KB/s
[2026-08-04T17:29:21.775199+00:00] 📊 [NOMINAL  ] [Batch #010521] FPS:  55.3 /  60.0 target | SIMD: 3.31ms (302.13 M/s) | Payload:  1.46 KB/s
[2026-08-04T17:29:22.787524+00:00] 📊 [NOMINAL  ] [Batch #010577] FPS:  55.3 /  60.0 target | SIMD: 3.37ms (296.46 M/s) | Payload:  1.46 KB/s
[2026-08-04T17:29:23.789230+00:00] 📊 [NOMINAL  ] [Batch #010632] FPS:  54.9 /  60.0 target | SIMD: 3.23ms (309.59 M/s) | Payload:  1.45 KB/s
[2026-08-04T17:29:24.799869+00:00] 📊 [NOMINAL  ] [Batch #010688] FPS:  55.4 /  60.0 target | SIMD: 3.48ms (287.42 M/s) | Payload:  1.46 KB/s
[2026-08-04T17:29:25.810255+00:00] 📊 [NOMINAL  ] [Batch #010744] FPS:  55.4 /  60.0 target | SIMD: 3.70ms (270.50 M/s) | Payload:  1.46 KB/s
[2026-08-04T17:29:26.811074+00:00] 📊 [NOMINAL  ] [Batch #010799] FPS:  55.0 /  60.0 target | SIMD: 3.37ms (296.31 M/s) | Payload:  1.45 KB/s
[2026-08-04T17:29:27.818499+00:00] 📊 [NOMINAL  ] [Batch #010855] FPS:  55.6 /  60.0 target | SIMD: 3.23ms (309.44 M/s) | Payload:  1.47 KB/s
[2026-08-04T17:29:28.831545+00:00] 📊 [NOMINAL  ] [Batch #010911] FPS:  55.3 /  60.0 target | SIMD: 3.50ms (285.73 M/s) | Payload:  1.46 KB/s
[2026-08-04T17:29:29.838341+00:00] 📊 [NOMINAL  ] [Batch #010967] FPS:  55.6 /  60.0 target | SIMD: 3.46ms (288.89 M/s) | Payload:  1.47 KB/s
[2026-08-04T17:29:30.846371+00:00] 📊 [NOMINAL  ] [Batch #011023] FPS:  55.6 /  60.0 target | SIMD: 3.47ms (288.12 M/s) | Payload:  1.46 KB/s
[2026-08-04T17:29:31.860209+00:00] 📊 [NOMINAL  ] [Batch #011079] FPS:  55.2 /  60.0 target | SIMD: 3.44ms (290.97 M/s) | Payload:  1.46 KB/s
[2026-08-04T17:29:32.867172+00:00] 📊 [NOMINAL  ] [Batch #011135] FPS:  55.6 /  60.0 target | SIMD: 3.42ms (292.63 M/s) | Payload:  1.47 KB/s
[2026-08-04T17:29:33.882688+00:00] 📊 [NOMINAL  ] [Batch #011191] FPS:  55.1 /  60.0 target | SIMD: 3.02ms (331.66 M/s) | Payload:  1.45 KB/s
[2026-08-04T17:29:34.892586+00:00] 📊 [NOMINAL  ] [Batch #011247] FPS:  55.4 /  60.0 target | SIMD: 3.48ms (287.45 M/s) | Payload:  1.46 KB/s
[2026-08-04T17:29:35.898956+00:00] 📊 [NOMINAL  ] [Batch #011302] FPS:  54.7 /  60.0 target | SIMD: 3.70ms (270.46 M/s) | Payload:  1.44 KB/s
[2026-08-04T17:29:36.904493+00:00] 📊 [NOMINAL  ] [Batch #011358] FPS:  55.7 /  60.0 target | SIMD: 3.27ms (306.23 M/s) | Payload:  1.47 KB/s
[2026-08-04T17:29:37.909374+00:00] 📊 [NOMINAL  ] [Batch #011414] FPS:  55.7 /  60.0 target | SIMD: 3.58ms (279.35 M/s) | Payload:  1.47 KB/s
[2026-08-04T17:29:38.926708+00:00] 📊 [NOMINAL  ] [Batch #011470] FPS:  55.0 /  60.0 target | SIMD: 3.50ms (285.61 M/s) | Payload:  1.45 KB/s
[2026-08-04T17:29:39.942493+00:00] 📊 [NOMINAL  ] [Batch #011526] FPS:  55.1 /  60.0 target | SIMD: 2.88ms (347.39 M/s) | Payload:  1.45 KB/s
[2026-08-04T17:29:40.949593+00:00] 📊 [NOMINAL  ] [Batch #011582] FPS:  55.6 /  60.0 target | SIMD: 2.86ms (350.12 M/s) | Payload:  1.47 KB/s
[2026-08-04T17:29:41.955314+00:00] 📊 [NOMINAL  ] [Batch #011637] FPS:  54.7 /  60.0 target | SIMD: 3.40ms (294.22 M/s) | Payload:  1.44 KB/s
[2026-08-04T17:29:42.963804+00:00] 📊 [NOMINAL  ] [Batch #011693] FPS:  55.5 /  60.0 target | SIMD: 3.31ms (301.84 M/s) | Payload:  1.46 KB/s
[2026-08-04T17:29:43.964238+00:00] 📊 [NOMINAL  ] [Batch #011748] FPS:  55.0 /  60.0 target | SIMD: 3.65ms (274.05 M/s) | Payload:  1.45 KB/s
[2026-08-04T17:29:44.066943+00:00] ⚠️ EVENT: Throttle Engaged | (16.73ms > 16.67ms). Target FPS: 60.0 -> 52.0
[2026-08-04T17:29:44.091999+00:00] 🟢 EVENT: Throttle Disengaged | Target FPS restored to 60.0
[2026-08-04T17:29:44.971542+00:00] 📊 [NOMINAL  ] [Batch #011804] FPS:  55.6 /  60.0 target | SIMD: 3.43ms (291.14 M/s) | Payload:  1.47 KB/s
[2026-08-04T17:29:45.987426+00:00] 📊 [NOMINAL  ] [Batch #011860] FPS:  55.1 /  60.0 target | SIMD: 2.88ms (347.59 M/s) | Payload:  1.45 KB/s
[2026-08-04T17:29:46.990429+00:00] 📊 [NOMINAL  ] [Batch #011916] FPS:  55.8 /  60.0 target | SIMD: 3.05ms (327.56 M/s) | Payload:  1.47 KB/s
[2026-08-04T17:29:47.165691+00:00] ⚠️ EVENT: Throttle Engaged | (16.87ms > 16.67ms). Target FPS: 60.0 -> 51.5
[2026-08-04T17:29:47.188588+00:00] 🟢 EVENT: Throttle Disengaged | Target FPS restored to 60.0
[2026-08-04T17:29:48.007092+00:00] 📊 [NOMINAL  ] [Batch #011973] FPS:  56.1 /  60.0 target | SIMD: 2.33ms (429.58 M/s) | Payload:  1.48 KB/s
[2026-08-04T17:29:49.011872+00:00] 📊 [NOMINAL  ] [Batch #012030] FPS:  56.7 /  60.0 target | SIMD: 1.47ms (680.66 M/s) | Payload:  1.50 KB/s
[2026-08-04T17:29:50.016871+00:00] 📊 [NOMINAL  ] [Batch #012085] FPS:  54.7 /  60.0 target | SIMD: 2.97ms (336.91 M/s) | Payload:  1.44 KB/s
[2026-08-04T17:29:51.030852+00:00] 📊 [NOMINAL  ] [Batch #012140] FPS:  54.2 /  60.0 target | SIMD: 2.92ms (342.52 M/s) | Payload:  1.43 KB/s
[2026-08-04T17:29:52.045341+00:00] 📊 [NOMINAL  ] [Batch #012195] FPS:  54.2 /  60.0 target | SIMD: 3.48ms (287.30 M/s) | Payload:  1.43 KB/s
[2026-08-04T17:29:53.049878+00:00] 📊 [NOMINAL  ] [Batch #012250] FPS:  54.7 /  60.0 target | SIMD: 2.97ms (336.64 M/s) | Payload:  1.44 KB/s
[2026-08-04T17:29:54.056691+00:00] 📊 [NOMINAL  ] [Batch #012304] FPS:  53.6 /  60.0 target | SIMD: 3.65ms (274.25 M/s) | Payload:  1.41 KB/s
[2026-08-04T17:29:55.072174+00:00] 📊 [NOMINAL  ] [Batch #012359] FPS:  54.2 /  60.0 target | SIMD: 5.50ms (181.88 M/s) | Payload:  1.43 KB/s
[2026-08-04T17:29:56.085707+00:00] 📊 [NOMINAL  ] [Batch #012414] FPS:  54.3 /  60.0 target | SIMD: 4.62ms (216.47 M/s) | Payload:  1.43 KB/s
[2026-08-04T17:29:57.092451+00:00] 📊 [NOMINAL  ] [Batch #012469] FPS:  54.6 /  60.0 target | SIMD: 5.36ms (186.73 M/s) | Payload:  1.44 KB/s
[2026-08-04T17:29:58.096732+00:00] 📊 [NOMINAL  ] [Batch #012523] FPS:  53.8 /  60.0 target | SIMD: 6.11ms (163.57 M/s) | Payload:  1.42 KB/s
[2026-08-04T17:29:59.097792+00:00] 📊 [NOMINAL  ] [Batch #012576] FPS:  53.0 /  60.0 target | SIMD: 5.18ms (192.91 M/s) | Payload:  1.40 KB/s
[2026-08-04T17:30:00.116787+00:00] 📊 [NOMINAL  ] [Batch #012631] FPS:  54.0 /  60.0 target | SIMD: 5.14ms (194.42 M/s) | Payload:  1.42 KB/s
[2026-08-04T17:30:01.118741+00:00] 📊 [NOMINAL  ] [Batch #012686] FPS:  54.9 /  60.0 target | SIMD: 3.74ms (267.56 M/s) | Payload:  1.45 KB/s
[2026-08-04T17:30:02.131053+00:00] 📊 [NOMINAL  ] [Batch #012741] FPS:  54.3 /  60.0 target | SIMD: 4.19ms (238.39 M/s) | Payload:  1.43 KB/s
[2026-08-04T17:30:03.135041+00:00] 📊 [NOMINAL  ] [Batch #012795] FPS:  53.8 /  60.0 target | SIMD: 4.88ms (204.81 M/s) | Payload:  1.42 KB/s
[2026-08-04T17:30:04.138946+00:00] 📊 [NOMINAL  ] [Batch #012849] FPS:  53.8 /  60.0 target | SIMD: 4.94ms (202.58 M/s) | Payload:  1.42 KB/s
[2026-08-04T17:30:05.142932+00:00] 📊 [NOMINAL  ] [Batch #012902] FPS:  52.8 /  60.0 target | SIMD: 5.43ms (184.23 M/s) | Payload:  1.39 KB/s
[2026-08-04T17:30:06.154945+00:00] 📊 [NOMINAL  ] [Batch #012957] FPS:  54.3 /  60.0 target | SIMD: 5.24ms (190.97 M/s) | Payload:  1.43 KB/s
[2026-08-04T17:30:07.160554+00:00] 📊 [NOMINAL  ] [Batch #013012] FPS:  54.7 /  60.0 target | SIMD: 2.97ms (336.32 M/s) | Payload:  1.44 KB/s
[2026-08-04T17:30:08.175357+00:00] 📊 [NOMINAL  ] [Batch #013068] FPS:  55.2 /  60.0 target | SIMD: 3.03ms (329.89 M/s) | Payload:  1.46 KB/s
[2026-08-04T17:30:09.184858+00:00] 📊 [NOMINAL  ] [Batch #013123] FPS:  54.5 /  60.0 target | SIMD: 4.02ms (249.00 M/s) | Payload:  1.44 KB/s
[2026-08-04T17:30:10.187697+00:00] 📊 [NOMINAL  ] [Batch #013178] FPS:  54.8 /  60.0 target | SIMD: 3.20ms (312.86 M/s) | Payload:  1.45 KB/s
[2026-08-04T17:30:11.191659+00:00] 📊 [NOMINAL  ] [Batch #013232] FPS:  53.8 /  60.0 target | SIMD: 3.91ms (255.64 M/s) | Payload:  1.42 KB/s
[2026-08-04T17:30:12.194687+00:00] 📊 [NOMINAL  ] [Batch #013286] FPS:  53.8 /  60.0 target | SIMD: 3.02ms (330.78 M/s) | Payload:  1.42 KB/s
[2026-08-04T17:30:13.202075+00:00] 📊 [NOMINAL  ] [Batch #013340] FPS:  53.6 /  60.0 target | SIMD: 3.61ms (277.08 M/s) | Payload:  1.41 KB/s
[2026-08-04T17:30:14.211689+00:00] 📊 [NOMINAL  ] [Batch #013395] FPS:  54.5 /  60.0 target | SIMD: 3.89ms (257.21 M/s) | Payload:  1.44 KB/s
[2026-08-04T17:30:15.220216+00:00] 📊 [NOMINAL  ] [Batch #013449] FPS:  53.5 /  60.0 target | SIMD: 3.48ms (287.13 M/s) | Payload:  1.41 KB/s
[2026-08-04T17:30:16.237748+00:00] 📊 [NOMINAL  ] [Batch #013504] FPS:  54.0 /  60.0 target | SIMD: 3.32ms (301.05 M/s) | Payload:  1.43 KB/s
[2026-08-04T17:30:17.240545+00:00] 📊 [NOMINAL  ] [Batch #013559] FPS:  54.8 /  60.0 target | SIMD: 2.73ms (366.40 M/s) | Payload:  1.45 KB/s
[2026-08-04T17:30:18.251601+00:00] 📊 [NOMINAL  ] [Batch #013615] FPS:  55.4 /  60.0 target | SIMD: 3.20ms (312.57 M/s) | Payload:  1.46 KB/s
[2026-08-04T17:30:19.260895+00:00] 📊 [NOMINAL  ] [Batch #013670] FPS:  54.5 /  60.0 target | SIMD: 4.06ms (246.54 M/s) | Payload:  1.44 KB/s
[2026-08-04T17:30:20.277723+00:00] 📊 [NOMINAL  ] [Batch #013724] FPS:  53.1 /  60.0 target | SIMD: 5.30ms (188.70 M/s) | Payload:  1.40 KB/s
[2026-08-04T17:30:21.294225+00:00] 📊 [NOMINAL  ] [Batch #013779] FPS:  54.1 /  60.0 target | SIMD: 5.86ms (170.55 M/s) | Payload:  1.43 KB/s
[2026-08-04T17:30:22.312391+00:00] 📊 [NOMINAL  ] [Batch #013835] FPS:  55.0 /  60.0 target | SIMD: 4.07ms (245.80 M/s) | Payload:  1.45 KB/s
[2026-08-04T17:30:23.312998+00:00] 📊 [NOMINAL  ] [Batch #013890] FPS:  55.0 /  60.0 target | SIMD: 4.56ms (219.54 M/s) | Payload:  1.45 KB/s
[2026-08-04T17:30:24.323289+00:00] 📊 [NOMINAL  ] [Batch #013945] FPS:  54.4 /  60.0 target | SIMD: 5.26ms (190.01 M/s) | Payload:  1.44 KB/s
[2026-08-04T17:30:25.323252+00:00] 📊 [NOMINAL  ] [Batch #013999] FPS:  54.0 /  60.0 target | SIMD: 5.56ms (179.98 M/s) | Payload:  1.42 KB/s
[2026-08-04T17:30:26.329477+00:00] 📊 [NOMINAL  ] [Batch #014054] FPS:  54.7 /  60.0 target | SIMD: 5.89ms (169.92 M/s) | Payload:  1.44 KB/s
[2026-08-04T17:30:27.343272+00:00] 📊 [NOMINAL  ] [Batch #014110] FPS:  55.2 /  60.0 target | SIMD: 4.80ms (208.55 M/s) | Payload:  1.46 KB/s
[2026-08-04T17:30:28.355732+00:00] 📊 [NOMINAL  ] [Batch #014165] FPS:  54.3 /  60.0 target | SIMD: 5.30ms (188.59 M/s) | Payload:  1.43 KB/s
[2026-08-04T17:30:29.364209+00:00] 📊 [NOMINAL  ] [Batch #014220] FPS:  54.5 /  60.0 target | SIMD: 5.40ms (185.29 M/s) | Payload:  1.44 KB/s
[2026-08-04T17:30:30.377753+00:00] 📊 [NOMINAL  ] [Batch #014274] FPS:  53.3 /  60.0 target | SIMD: 5.05ms (197.85 M/s) | Payload:  1.40 KB/s
[2026-08-04T17:30:31.385939+00:00] 📊 [NOMINAL  ] [Batch #014329] FPS:  54.6 /  60.0 target | SIMD: 5.22ms (191.71 M/s) | Payload:  1.44 KB/s
[2026-08-04T17:30:32.396993+00:00] 📊 [NOMINAL  ] [Batch #014384] FPS:  54.4 /  60.0 target | SIMD: 5.37ms (186.09 M/s) | Payload:  1.43 KB/s
[2026-08-04T17:30:33.411713+00:00] 📊 [NOMINAL  ] [Batch #014439] FPS:  54.2 /  60.0 target | SIMD: 4.42ms (226.39 M/s) | Payload:  1.43 KB/s
[2026-08-04T17:30:34.412285+00:00] 📊 [NOMINAL  ] [Batch #014493] FPS:  54.0 /  60.0 target | SIMD: 5.29ms (188.98 M/s) | Payload:  1.42 KB/s
[2026-08-04T17:30:35.418927+00:00] 📊 [NOMINAL  ] [Batch #014548] FPS:  54.6 /  60.0 target | SIMD: 5.24ms (190.93 M/s) | Payload:  1.44 KB/s
[2026-08-04T17:30:36.430229+00:00] 📊 [NOMINAL  ] [Batch #014603] FPS:  54.4 /  60.0 target | SIMD: 4.93ms (202.96 M/s) | Payload:  1.43 KB/s
[2026-08-04T17:30:37.448140+00:00] 📊 [NOMINAL  ] [Batch #014658] FPS:  54.0 /  60.0 target | SIMD: 5.72ms (174.93 M/s) | Payload:  1.42 KB/s
[2026-08-04T17:30:38.448599+00:00] 📊 [NOMINAL  ] [Batch #014712] FPS:  54.0 /  60.0 target | SIMD: 4.85ms (206.26 M/s) | Payload:  1.42 KB/s
[2026-08-04T17:30:39.449422+00:00] 📊 [NOMINAL  ] [Batch #014766] FPS:  54.0 /  60.0 target | SIMD: 4.50ms (222.33 M/s) | Payload:  1.42 KB/s
[2026-08-04T17:30:40.467609+00:00] 📊 [NOMINAL  ] [Batch #014821] FPS:  54.0 /  60.0 target | SIMD: 3.47ms (288.32 M/s) | Payload:  1.42 KB/s
[2026-08-04T17:30:41.482751+00:00] 📊 [NOMINAL  ] [Batch #014876] FPS:  54.2 /  60.0 target | SIMD: 4.02ms (249.06 M/s) | Payload:  1.43 KB/s
[2026-08-04T17:30:42.493560+00:00] 📊 [NOMINAL  ] [Batch #014931] FPS:  54.4 /  60.0 target | SIMD: 3.39ms (294.78 M/s) | Payload:  1.43 KB/s
[2026-08-04T17:30:43.493838+00:00] 📊 [NOMINAL  ] [Batch #014986] FPS:  55.0 /  60.0 target | SIMD: 2.87ms (347.87 M/s) | Payload:  1.45 KB/s
[2026-08-04T17:30:44.505455+00:00] 📊 [NOMINAL  ] [Batch #015041] FPS:  54.4 /  60.0 target | SIMD: 3.24ms (308.92 M/s) | Payload:  1.43 KB/s
[2026-08-04T17:30:45.510370+00:00] 📊 [NOMINAL  ] [Batch #015096] FPS:  54.7 /  60.0 target | SIMD: 3.89ms (256.84 M/s) | Payload:  1.44 KB/s
[2026-08-04T17:30:46.524705+00:00] 📊 [NOMINAL  ] [Batch #015151] FPS:  54.2 /  60.0 target | SIMD: 4.51ms (221.59 M/s) | Payload:  1.43 KB/s
[2026-08-04T17:30:47.541916+00:00] 📊 [NOMINAL  ] [Batch #015206] FPS:  54.1 /  60.0 target | SIMD: 3.30ms (302.88 M/s) | Payload:  1.43 KB/s
[2026-08-04T17:30:48.547282+00:00] 📊 [NOMINAL  ] [Batch #015261] FPS:  54.7 /  60.0 target | SIMD: 2.82ms (354.29 M/s) | Payload:  1.44 KB/s
[2026-08-04T17:30:49.558842+00:00] 📊 [NOMINAL  ] [Batch #015316] FPS:  54.4 /  60.0 target | SIMD: 3.15ms (317.85 M/s) | Payload:  1.43 KB/s
[2026-08-04T17:30:50.572958+00:00] 📊 [NOMINAL  ] [Batch #015371] FPS:  54.2 /  60.0 target | SIMD: 3.79ms (263.51 M/s) | Payload:  1.43 KB/s
[2026-08-04T17:30:51.590462+00:00] 📊 [NOMINAL  ] [Batch #015426] FPS:  54.1 /  60.0 target | SIMD: 4.41ms (226.77 M/s) | Payload:  1.43 KB/s
[2026-08-04T17:30:52.608283+00:00] 📊 [NOMINAL  ] [Batch #015482] FPS:  55.0 /  60.0 target | SIMD: 3.16ms (316.36 M/s) | Payload:  1.45 KB/s
[2026-08-04T17:30:53.625398+00:00] 📊 [NOMINAL  ] [Batch #015538] FPS:  55.1 /  60.0 target | SIMD: 2.99ms (334.34 M/s) | Payload:  1.45 KB/s
[2026-08-04T17:30:54.636647+00:00] 📊 [NOMINAL  ] [Batch #015594] FPS:  55.4 /  60.0 target | SIMD: 3.23ms (309.26 M/s) | Payload:  1.46 KB/s
[2026-08-04T17:30:55.647699+00:00] 📊 [NOMINAL  ] [Batch #015648] FPS:  53.4 /  60.0 target | SIMD: 3.69ms (270.95 M/s) | Payload:  1.41 KB/s
[2026-08-04T17:30:56.650467+00:00] 📊 [NOMINAL  ] [Batch #015702] FPS:  53.9 /  60.0 target | SIMD: 3.87ms (258.71 M/s) | Payload:  1.42 KB/s
[2026-08-04T17:30:57.654979+00:00] 📊 [NOMINAL  ] [Batch #015756] FPS:  53.8 /  60.0 target | SIMD: 3.35ms (298.86 M/s) | Payload:  1.42 KB/s
[2026-08-04T17:30:58.668306+00:00] 📊 [NOMINAL  ] [Batch #015811] FPS:  54.3 /  60.0 target | SIMD: 4.62ms (216.32 M/s) | Payload:  1.43 KB/s
[2026-08-04T17:30:59.678114+00:00] 📊 [NOMINAL  ] [Batch #015866] FPS:  54.5 /  60.0 target | SIMD: 3.04ms (329.44 M/s) | Payload:  1.44 KB/s
[2026-08-04T17:31:00.683523+00:00] 📊 [NOMINAL  ] [Batch #015920] FPS:  53.7 /  60.0 target | SIMD: 4.34ms (230.63 M/s) | Payload:  1.42 KB/s
[2026-08-04T17:31:01.692672+00:00] 📊 [NOMINAL  ] [Batch #015975] FPS:  54.5 /  60.0 target | SIMD: 3.24ms (308.76 M/s) | Payload:  1.44 KB/s
[2026-08-04T17:31:02.704094+00:00] 📊 [NOMINAL  ] [Batch #016030] FPS:  54.4 /  60.0 target | SIMD: 3.46ms (289.42 M/s) | Payload:  1.43 KB/s
[2026-08-04T17:31:03.717423+00:00] 📊 [NOMINAL  ] [Batch #016084] FPS:  53.3 /  60.0 target | SIMD: 4.79ms (208.61 M/s) | Payload:  1.40 KB/s
[2026-08-04T17:31:04.724238+00:00] 📊 [NOMINAL  ] [Batch #016139] FPS:  54.6 /  60.0 target | SIMD: 3.26ms (306.77 M/s) | Payload:  1.44 KB/s
[2026-08-04T17:31:05.727760+00:00] 📊 [NOMINAL  ] [Batch #016194] FPS:  54.8 /  60.0 target | SIMD: 3.68ms (271.45 M/s) | Payload:  1.45 KB/s
[2026-08-04T17:31:06.742784+00:00] 📊 [NOMINAL  ] [Batch #016249] FPS:  54.2 /  60.0 target | SIMD: 3.52ms (284.19 M/s) | Payload:  1.43 KB/s
[2026-08-04T17:31:07.743774+00:00] 📊 [NOMINAL  ] [Batch #016303] FPS:  53.9 /  60.0 target | SIMD: 3.67ms (272.29 M/s) | Payload:  1.42 KB/s
[2026-08-04T17:31:08.759338+00:00] 📊 [NOMINAL  ] [Batch #016358] FPS:  54.2 /  60.0 target | SIMD: 3.59ms (278.65 M/s) | Payload:  1.43 KB/s
[2026-08-04T17:31:09.771726+00:00] 📊 [NOMINAL  ] [Batch #016413] FPS:  54.3 /  60.0 target | SIMD: 3.10ms (322.54 M/s) | Payload:  1.43 KB/s
[2026-08-04T17:31:10.781706+00:00] 📊 [NOMINAL  ] [Batch #016468] FPS:  54.4 /  60.0 target | SIMD: 3.32ms (301.19 M/s) | Payload:  1.44 KB/s
[2026-08-04T17:31:11.785040+00:00] 📊 [NOMINAL  ] [Batch #016522] FPS:  53.8 /  60.0 target | SIMD: 4.25ms (235.33 M/s) | Payload:  1.42 KB/s
[2026-08-04T17:31:12.796133+00:00] 📊 [NOMINAL  ] [Batch #016577] FPS:  54.4 /  60.0 target | SIMD: 4.27ms (234.46 M/s) | Payload:  1.43 KB/s
[2026-08-04T17:31:13.798167+00:00] 📊 [NOMINAL  ] [Batch #016631] FPS:  53.9 /  60.0 target | SIMD: 3.57ms (280.18 M/s) | Payload:  1.42 KB/s
[2026-08-04T17:31:14.807990+00:00] 📊 [NOMINAL  ] [Batch #016686] FPS:  54.5 /  60.0 target | SIMD: 3.16ms (316.39 M/s) | Payload:  1.44 KB/s
[2026-08-04T17:31:15.809853+00:00] 📊 [NOMINAL  ] [Batch #016741] FPS:  54.9 /  60.0 target | SIMD: 3.16ms (316.61 M/s) | Payload:  1.45 KB/s
[2026-08-04T17:31:16.823855+00:00] 📊 [NOMINAL  ] [Batch #016796] FPS:  54.2 /  60.0 target | SIMD: 3.41ms (292.89 M/s) | Payload:  1.43 KB/s
[2026-08-04T17:31:17.824819+00:00] 📊 [NOMINAL  ] [Batch #016850] FPS:  53.9 /  60.0 target | SIMD: 5.41ms (184.93 M/s) | Payload:  1.42 KB/s
[2026-08-04T17:31:18.825860+00:00] 📊 [NOMINAL  ] [Batch #016904] FPS:  53.9 /  60.0 target | SIMD: 3.52ms (283.94 M/s) | Payload:  1.42 KB/s
[2026-08-04T17:31:19.828910+00:00] 📊 [NOMINAL  ] [Batch #016959] FPS:  54.8 /  60.0 target | SIMD: 3.25ms (308.03 M/s) | Payload:  1.45 KB/s
[2026-08-04T17:31:20.837919+00:00] 📊 [NOMINAL  ] [Batch #017014] FPS:  54.5 /  60.0 target | SIMD: 3.31ms (302.45 M/s) | Payload:  1.44 KB/s
[2026-08-04T17:31:21.840488+00:00] 📊 [NOMINAL  ] [Batch #017069] FPS:  54.9 /  60.0 target | SIMD: 2.80ms (357.22 M/s) | Payload:  1.45 KB/s
[2026-08-04T17:31:22.852402+00:00] 📊 [NOMINAL  ] [Batch #017124] FPS:  54.4 /  60.0 target | SIMD: 3.97ms (251.72 M/s) | Payload:  1.43 KB/s
[2026-08-04T17:31:23.868166+00:00] 📊 [NOMINAL  ] [Batch #017179] FPS:  54.1 /  60.0 target | SIMD: 4.71ms (212.53 M/s) | Payload:  1.43 KB/s
[2026-08-04T17:31:24.870824+00:00] 📊 [NOMINAL  ] [Batch #017233] FPS:  53.9 /  60.0 target | SIMD: 5.04ms (198.22 M/s) | Payload:  1.42 KB/s
[2026-08-04T17:31:25.884520+00:00] 📊 [NOMINAL  ] [Batch #017288] FPS:  54.3 /  60.0 target | SIMD: 3.08ms (324.20 M/s) | Payload:  1.43 KB/s
[2026-08-04T17:31:26.891312+00:00] 📊 [NOMINAL  ] [Batch #017342] FPS:  53.6 /  60.0 target | SIMD: 3.70ms (270.28 M/s) | Payload:  1.41 KB/s
[2026-08-04T17:31:27.903191+00:00] 📊 [NOMINAL  ] [Batch #017396] FPS:  53.4 /  60.0 target | SIMD: 3.31ms (302.02 M/s) | Payload:  1.41 KB/s
[2026-08-04T17:31:28.906031+00:00] 📊 [NOMINAL  ] [Batch #017450] FPS:  53.8 /  60.0 target | SIMD: 3.41ms (293.10 M/s) | Payload:  1.42 KB/s
[2026-08-04T17:31:29.928616+00:00] 📊 [NOMINAL  ] [Batch #017505] FPS:  53.8 /  60.0 target | SIMD: 3.60ms (277.54 M/s) | Payload:  1.42 KB/s
[2026-08-04T17:31:30.948705+00:00] 📊 [NOMINAL  ] [Batch #017559] FPS:  52.9 /  60.0 target | SIMD: 5.11ms (195.69 M/s) | Payload:  1.40 KB/s
[2026-08-04T17:31:31.963733+00:00] 📊 [NOMINAL  ] [Batch #017612] FPS:  52.2 /  60.0 target | SIMD: 5.00ms (200.07 M/s) | Payload:  1.38 KB/s
[2026-08-04T17:31:32.967151+00:00] 📊 [NOMINAL  ] [Batch #017665] FPS:  52.8 /  60.0 target | SIMD: 4.41ms (226.72 M/s) | Payload:  1.39 KB/s
[2026-08-04T17:31:33.969514+00:00] 📊 [NOMINAL  ] [Batch #017719] FPS:  53.9 /  60.0 target | SIMD: 4.24ms (235.78 M/s) | Payload:  1.42 KB/s
[2026-08-04T17:31:34.977867+00:00] 📊 [NOMINAL  ] [Batch #017773] FPS:  53.6 /  60.0 target | SIMD: 4.78ms (209.36 M/s) | Payload:  1.41 KB/s
[2026-08-04T17:31:35.987761+00:00] 📊 [NOMINAL  ] [Batch #017827] FPS:  53.5 /  60.0 target | SIMD: 5.23ms (191.04 M/s) | Payload:  1.41 KB/s
[2026-08-04T17:31:36.993623+00:00] 📊 [NOMINAL  ] [Batch #017881] FPS:  53.7 /  60.0 target | SIMD: 5.04ms (198.47 M/s) | Payload:  1.42 KB/s
[2026-08-04T17:31:38.007349+00:00] 📊 [NOMINAL  ] [Batch #017934] FPS:  52.3 /  60.0 target | SIMD: 5.21ms (191.78 M/s) | Payload:  1.38 KB/s
[2026-08-04T17:31:39.015351+00:00] 📊 [NOMINAL  ] [Batch #017989] FPS:  54.6 /  60.0 target | SIMD: 4.14ms (241.69 M/s) | Payload:  1.44 KB/s
[2026-08-04T17:31:40.018949+00:00] 📊 [NOMINAL  ] [Batch #018043] FPS:  53.8 /  60.0 target | SIMD: 3.49ms (286.19 M/s) | Payload:  1.42 KB/s
[2026-08-04T17:31:41.034676+00:00] 📊 [NOMINAL  ] [Batch #018098] FPS:  54.2 /  60.0 target | SIMD: 4.21ms (237.70 M/s) | Payload:  1.43 KB/s
[2026-08-04T17:31:42.052929+00:00] 📊 [NOMINAL  ] [Batch #018152] FPS:  53.0 /  60.0 target | SIMD: 5.11ms (195.53 M/s) | Payload:  1.40 KB/s
[2026-08-04T17:31:43.066413+00:00] 📊 [NOMINAL  ] [Batch #018207] FPS:  54.3 /  60.0 target | SIMD: 5.31ms (188.22 M/s) | Payload:  1.43 KB/s
[2026-08-04T17:31:44.082274+00:00] 📊 [NOMINAL  ] [Batch #018260] FPS:  52.2 /  60.0 target | SIMD: 5.80ms (172.53 M/s) | Payload:  1.38 KB/s
[2026-08-04T17:31:45.091655+00:00] 📊 [NOMINAL  ] [Batch #018316] FPS:  55.5 /  60.0 target | SIMD: 3.66ms (273.01 M/s) | Payload:  1.46 KB/s
[2026-08-04T17:31:46.106489+00:00] 📊 [NOMINAL  ] [Batch #018370] FPS:  53.2 /  60.0 target | SIMD: 4.82ms (207.62 M/s) | Payload:  1.40 KB/s
[2026-08-04T17:31:47.112620+00:00] 📊 [NOMINAL  ] [Batch #018424] FPS:  53.7 /  60.0 target | SIMD: 4.68ms (213.72 M/s) | Payload:  1.42 KB/s
[2026-08-04T17:31:48.115308+00:00] 📊 [NOMINAL  ] [Batch #018478] FPS:  53.9 /  60.0 target | SIMD: 5.22ms (191.63 M/s) | Payload:  1.42 KB/s
[2026-08-04T17:31:49.133161+00:00] 📊 [NOMINAL  ] [Batch #018533] FPS:  54.0 /  60.0 target | SIMD: 5.45ms (183.32 M/s) | Payload:  1.42 KB/s
[2026-08-04T17:31:50.138837+00:00] 📊 [NOMINAL  ] [Batch #018588] FPS:  54.7 /  60.0 target | SIMD: 4.66ms (214.75 M/s) | Payload:  1.44 KB/s
[2026-08-04T17:31:51.139322+00:00] 📊 [NOMINAL  ] [Batch #018643] FPS:  55.0 /  60.0 target | SIMD: 3.13ms (319.84 M/s) | Payload:  1.45 KB/s
[2026-08-04T17:31:52.143381+00:00] 📊 [NOMINAL  ] [Batch #018699] FPS:  55.8 /  60.0 target | SIMD: 2.99ms (334.99 M/s) | Payload:  1.47 KB/s
[2026-08-04T17:31:53.155112+00:00] 📊 [NOMINAL  ] [Batch #018755] FPS:  55.4 /  60.0 target | SIMD: 3.68ms (271.45 M/s) | Payload:  1.46 KB/s
[2026-08-04T17:31:54.156471+00:00] 📊 [NOMINAL  ] [Batch #018811] FPS:  55.9 /  60.0 target | SIMD: 2.75ms (363.93 M/s) | Payload:  1.47 KB/s
[2026-08-04T17:31:55.171200+00:00] 📊 [NOMINAL  ] [Batch #018868] FPS:  56.2 /  60.0 target | SIMD: 1.97ms (508.64 M/s) | Payload:  1.48 KB/s
[2026-08-04T17:31:56.172313+00:00] 📊 [NOMINAL  ] [Batch #018924] FPS:  55.9 /  60.0 target | SIMD: 2.63ms (380.56 M/s) | Payload:  1.47 KB/s
[2026-08-04T17:31:57.183088+00:00] 📊 [NOMINAL  ] [Batch #018981] FPS:  56.4 /  60.0 target | SIMD: 2.37ms (422.13 M/s) | Payload:  1.49 KB/s
[2026-08-04T17:31:58.201044+00:00] 📊 [NOMINAL  ] [Batch #019037] FPS:  55.0 /  60.0 target | SIMD: 3.83ms (261.00 M/s) | Payload:  1.45 KB/s
[2026-08-04T17:31:59.218172+00:00] 📊 [NOMINAL  ] [Batch #019092] FPS:  54.1 /  60.0 target | SIMD: 3.54ms (282.18 M/s) | Payload:  1.43 KB/s
[2026-08-04T17:32:00.223249+00:00] 📊 [NOMINAL  ] [Batch #019148] FPS:  55.7 /  60.0 target | SIMD: 2.32ms (430.64 M/s) | Payload:  1.47 KB/s
[2026-08-04T17:32:01.232018+00:00] 📊 [NOMINAL  ] [Batch #019204] FPS:  55.5 /  60.0 target | SIMD: 2.77ms (360.79 M/s) | Payload:  1.46 KB/s
[2026-08-04T17:32:02.248758+00:00] 📊 [NOMINAL  ] [Batch #019260] FPS:  55.1 /  60.0 target | SIMD: 2.78ms (359.75 M/s) | Payload:  1.45 KB/s
[2026-08-04T17:32:03.254660+00:00] 📊 [NOMINAL  ] [Batch #019316] FPS:  55.7 /  60.0 target | SIMD: 2.96ms (337.68 M/s) | Payload:  1.47 KB/s
[2026-08-04T17:32:04.261592+00:00] 📊 [NOMINAL  ] [Batch #019371] FPS:  54.6 /  60.0 target | SIMD: 3.45ms (289.68 M/s) | Payload:  1.44 KB/s
[2026-08-04T17:32:05.275758+00:00] 📊 [NOMINAL  ] [Batch #019426] FPS:  54.2 /  60.0 target | SIMD: 3.31ms (302.55 M/s) | Payload:  1.43 KB/s
[2026-08-04T17:32:06.285139+00:00] 📊 [NOMINAL  ] [Batch #019480] FPS:  53.5 /  60.0 target | SIMD: 3.35ms (298.40 M/s) | Payload:  1.41 KB/s
[2026-08-04T17:32:07.286098+00:00] 📊 [NOMINAL  ] [Batch #019535] FPS:  54.9 /  60.0 target | SIMD: 2.90ms (344.71 M/s) | Payload:  1.45 KB/s
[2026-08-04T17:32:08.301308+00:00] 📊 [NOMINAL  ] [Batch #019591] FPS:  55.2 /  60.0 target | SIMD: 3.33ms (299.95 M/s) | Payload:  1.45 KB/s
[2026-08-04T17:32:09.309668+00:00] 📊 [NOMINAL  ] [Batch #019647] FPS:  55.5 /  60.0 target | SIMD: 3.41ms (293.10 M/s) | Payload:  1.46 KB/s
[2026-08-04T17:32:10.312623+00:00] 📊 [NOMINAL  ] [Batch #019702] FPS:  54.8 /  60.0 target | SIMD: 3.49ms (286.22 M/s) | Payload:  1.45 KB/s
[2026-08-04T17:32:11.325604+00:00] 📊 [NOMINAL  ] [Batch #019757] FPS:  54.3 /  60.0 target | SIMD: 3.99ms (250.72 M/s) | Payload:  1.43 KB/s
[2026-08-04T17:32:12.332628+00:00] 📊 [NOMINAL  ] [Batch #019813] FPS:  55.6 /  60.0 target | SIMD: 3.16ms (316.67 M/s) | Payload:  1.47 KB/s
[2026-08-04T17:32:13.351925+00:00] 📊 [NOMINAL  ] [Batch #019869] FPS:  54.9 /  60.0 target | SIMD: 3.19ms (313.55 M/s) | Payload:  1.45 KB/s
[2026-08-04T17:32:14.365171+00:00] 📊 [NOMINAL  ] [Batch #019924] FPS:  54.3 /  60.0 target | SIMD: 2.97ms (336.20 M/s) | Payload:  1.43 KB/s
[2026-08-04T17:32:15.373960+00:00] 📊 [NOMINAL  ] [Batch #019980] FPS:  55.5 /  60.0 target | SIMD: 2.77ms (361.25 M/s) | Payload:  1.46 KB/s
[2026-08-04T17:32:16.383466+00:00] 📊 [NOMINAL  ] [Batch #020037] FPS:  56.5 /  60.0 target | SIMD: 2.51ms (397.62 M/s) | Payload:  1.49 KB/s
[2026-08-04T17:32:17.388467+00:00] 📊 [NOMINAL  ] [Batch #020094] FPS:  56.7 /  60.0 target | SIMD: 1.77ms (565.88 M/s) | Payload:  1.50 KB/s
[2026-08-04T17:32:18.408490+00:00] 📊 [NOMINAL  ] [Batch #020151] FPS:  55.9 /  60.0 target | SIMD: 2.25ms (444.70 M/s) | Payload:  1.47 KB/s
[2026-08-04T17:32:19.412762+00:00] 📊 [NOMINAL  ] [Batch #020207] FPS:  55.8 /  60.0 target | SIMD: 3.61ms (276.74 M/s) | Payload:  1.47 KB/s
[2026-08-04T17:32:20.426714+00:00] 📊 [NOMINAL  ] [Batch #020263] FPS:  55.2 /  60.0 target | SIMD: 3.44ms (291.10 M/s) | Payload:  1.46 KB/s
[2026-08-04T17:32:21.443195+00:00] 📊 [NOMINAL  ] [Batch #020319] FPS:  55.1 /  60.0 target | SIMD: 3.30ms (303.20 M/s) | Payload:  1.45 KB/s
[2026-08-04T17:32:22.455164+00:00] 📊 [NOMINAL  ] [Batch #020375] FPS:  55.3 /  60.0 target | SIMD: 3.45ms (290.17 M/s) | Payload:  1.46 KB/s
[2026-08-04T17:32:23.462916+00:00] 📊 [NOMINAL  ] [Batch #020431] FPS:  55.6 /  60.0 target | SIMD: 3.21ms (311.49 M/s) | Payload:  1.47 KB/s
[2026-08-04T17:32:24.473893+00:00] 📊 [NOMINAL  ] [Batch #020487] FPS:  55.4 /  60.0 target | SIMD: 3.30ms (303.03 M/s) | Payload:  1.46 KB/s
[2026-08-04T17:32:25.485957+00:00] 📊 [NOMINAL  ] [Batch #020543] FPS:  55.3 /  60.0 target | SIMD: 3.46ms (288.62 M/s) | Payload:  1.46 KB/s
[2026-08-04T17:32:26.495882+00:00] 📊 [NOMINAL  ] [Batch #020599] FPS:  55.4 /  60.0 target | SIMD: 3.29ms (303.85 M/s) | Payload:  1.46 KB/s
[2026-08-04T17:32:27.508907+00:00] 📊 [NOMINAL  ] [Batch #020655] FPS:  55.3 /  60.0 target | SIMD: 3.32ms (301.58 M/s) | Payload:  1.46 KB/s
[2026-08-04T17:32:28.514132+00:00] 📊 [NOMINAL  ] [Batch #020711] FPS:  55.7 /  60.0 target | SIMD: 3.28ms (305.12 M/s) | Payload:  1.47 KB/s
[2026-08-04T17:32:29.522456+00:00] 📊 [NOMINAL  ] [Batch #020767] FPS:  55.5 /  60.0 target | SIMD: 3.68ms (271.64 M/s) | Payload:  1.46 KB/s
[2026-08-04T17:32:30.522487+00:00] 📊 [NOMINAL  ] [Batch #020822] FPS:  55.0 /  60.0 target | SIMD: 3.45ms (290.02 M/s) | Payload:  1.45 KB/s
[2026-08-04T17:32:31.531868+00:00] 📊 [NOMINAL  ] [Batch #020878] FPS:  55.5 /  60.0 target | SIMD: 3.13ms (319.49 M/s) | Payload:  1.46 KB/s
[2026-08-04T17:32:32.533777+00:00] 📊 [NOMINAL  ] [Batch #020934] FPS:  55.9 /  60.0 target | SIMD: 3.09ms (323.41 M/s) | Payload:  1.47 KB/s
[2026-08-04T17:32:33.550385+00:00] 📊 [NOMINAL  ] [Batch #020990] FPS:  55.1 /  60.0 target | SIMD: 2.50ms (400.46 M/s) | Payload:  1.45 KB/s
[2026-08-04T17:32:34.567858+00:00] 📊 [NOMINAL  ] [Batch #021046] FPS:  55.0 /  60.0 target | SIMD: 2.83ms (353.50 M/s) | Payload:  1.45 KB/s
[2026-08-04T17:32:35.569162+00:00] 📊 [NOMINAL  ] [Batch #021100] FPS:  53.9 /  60.0 target | SIMD: 3.31ms (302.22 M/s) | Payload:  1.42 KB/s
[2026-08-04T17:32:36.571757+00:00] 📊 [NOMINAL  ] [Batch #021156] FPS:  55.9 /  60.0 target | SIMD: 3.65ms (274.13 M/s) | Payload:  1.47 KB/s
[2026-08-04T17:32:37.576514+00:00] 📊 [NOMINAL  ] [Batch #021211] FPS:  54.7 /  60.0 target | SIMD: 3.47ms (288.32 M/s) | Payload:  1.44 KB/s
[2026-08-04T17:32:38.581954+00:00] 📊 [NOMINAL  ] [Batch #021266] FPS:  54.7 /  60.0 target | SIMD: 2.73ms (365.82 M/s) | Payload:  1.44 KB/s
[2026-08-04T17:32:39.588435+00:00] 📊 [NOMINAL  ] [Batch #021320] FPS:  53.7 /  60.0 target | SIMD: 3.21ms (311.73 M/s) | Payload:  1.41 KB/s
[2026-08-04T17:32:40.590731+00:00] 📊 [NOMINAL  ] [Batch #021375] FPS:  54.9 /  60.0 target | SIMD: 3.43ms (291.94 M/s) | Payload:  1.45 KB/s
[2026-08-04T17:32:41.605310+00:00] 📊 [NOMINAL  ] [Batch #021431] FPS:  55.2 /  60.0 target | SIMD: 3.81ms (262.13 M/s) | Payload:  1.46 KB/s
[2026-08-04T17:32:42.605821+00:00] 📊 [NOMINAL  ] [Batch #021486] FPS:  55.0 /  60.0 target | SIMD: 2.74ms (364.95 M/s) | Payload:  1.45 KB/s
[2026-08-04T17:32:43.607364+00:00] 📊 [NOMINAL  ] [Batch #021542] FPS:  55.9 /  60.0 target | SIMD: 2.33ms (429.33 M/s) | Payload:  1.47 KB/s
[2026-08-04T17:32:44.619252+00:00] 📊 [NOMINAL  ] [Batch #021598] FPS:  55.3 /  60.0 target | SIMD: 2.90ms (345.04 M/s) | Payload:  1.46 KB/s
[2026-08-04T17:32:45.571062+00:00] ⚠️ EVENT: Throttle Engaged | (17.03ms > 16.67ms). Target FPS: 60.0 -> 51.1
[2026-08-04T17:32:45.595709+00:00] 🟢 EVENT: Throttle Disengaged | Target FPS restored to 60.0
[2026-08-04T17:32:45.631434+00:00] 📊 [NOMINAL  ] [Batch #021654] FPS:  55.3 /  60.0 target | SIMD: 2.93ms (341.65 M/s) | Payload:  1.46 KB/s
[2026-08-04T17:32:46.631724+00:00] 📊 [NOMINAL  ] [Batch #021710] FPS:  56.0 /  60.0 target | SIMD: 2.50ms (399.43 M/s) | Payload:  1.48 KB/s
[2026-08-04T17:32:47.633064+00:00] 📊 [NOMINAL  ] [Batch #021765] FPS:  54.9 /  60.0 target | SIMD: 3.07ms (325.48 M/s) | Payload:  1.45 KB/s
[2026-08-04T17:32:48.637175+00:00] 📊 [NOMINAL  ] [Batch #021821] FPS:  55.8 /  60.0 target | SIMD: 2.45ms (407.48 M/s) | Payload:  1.47 KB/s
[2026-08-04T17:32:49.644851+00:00] 📊 [NOMINAL  ] [Batch #021876] FPS:  54.6 /  60.0 target | SIMD: 3.64ms (274.95 M/s) | Payload:  1.44 KB/s
[2026-08-04T17:32:50.655632+00:00] 📊 [NOMINAL  ] [Batch #021932] FPS:  55.4 /  60.0 target | SIMD: 3.51ms (284.61 M/s) | Payload:  1.46 KB/s
[2026-08-04T17:32:51.662425+00:00] 📊 [NOMINAL  ] [Batch #021988] FPS:  55.6 /  60.0 target | SIMD: 2.56ms (391.32 M/s) | Payload:  1.47 KB/s
[2026-08-04T17:32:52.678606+00:00] 📊 [NOMINAL  ] [Batch #022045] FPS:  56.1 /  60.0 target | SIMD: 2.64ms (379.21 M/s) | Payload:  1.48 KB/s
[2026-08-04T17:32:53.683111+00:00] 📊 [NOMINAL  ] [Batch #022101] FPS:  55.7 /  60.0 target | SIMD: 3.49ms (286.38 M/s) | Payload:  1.47 KB/s
[2026-08-04T17:32:54.692261+00:00] 📊 [NOMINAL  ] [Batch #022157] FPS:  55.5 /  60.0 target | SIMD: 3.06ms (326.71 M/s) | Payload:  1.46 KB/s
[2026-08-04T17:32:55.701351+00:00] 📊 [NOMINAL  ] [Batch #022213] FPS:  55.5 /  60.0 target | SIMD: 3.26ms (306.70 M/s) | Payload:  1.46 KB/s
[2026-08-04T17:32:56.708490+00:00] 📊 [NOMINAL  ] [Batch #022269] FPS:  55.6 /  60.0 target | SIMD: 3.29ms (303.77 M/s) | Payload:  1.47 KB/s
[2026-08-04T17:32:57.716823+00:00] 📊 [NOMINAL  ] [Batch #022325] FPS:  55.5 /  60.0 target | SIMD: 3.58ms (279.54 M/s) | Payload:  1.46 KB/s
[2026-08-04T17:32:58.726733+00:00] 📊 [NOMINAL  ] [Batch #022381] FPS:  55.5 /  60.0 target | SIMD: 3.64ms (274.68 M/s) | Payload:  1.46 KB/s
[2026-08-04T17:32:59.733248+00:00] 📊 [NOMINAL  ] [Batch #022437] FPS:  55.6 /  60.0 target | SIMD: 3.52ms (283.95 M/s) | Payload:  1.47 KB/s
[2026-08-04T17:33:00.737507+00:00] 📊 [NOMINAL  ] [Batch #022493] FPS:  55.8 /  60.0 target | SIMD: 3.32ms (300.78 M/s) | Payload:  1.47 KB/s
[2026-08-04T17:33:01.750805+00:00] 📊 [NOMINAL  ] [Batch #022548] FPS:  54.3 /  60.0 target | SIMD: 3.62ms (276.31 M/s) | Payload:  1.43 KB/s
[2026-08-04T17:33:02.759641+00:00] 📊 [NOMINAL  ] [Batch #022604] FPS:  55.5 /  60.0 target | SIMD: 3.48ms (287.08 M/s) | Payload:  1.46 KB/s
[2026-08-04T17:33:03.766809+00:00] 📊 [NOMINAL  ] [Batch #022659] FPS:  54.6 /  60.0 target | SIMD: 3.67ms (272.67 M/s) | Payload:  1.44 KB/s
[2026-08-04T17:33:04.783963+00:00] 📊 [NOMINAL  ] [Batch #022715] FPS:  55.0 /  60.0 target | SIMD: 2.77ms (361.42 M/s) | Payload:  1.45 KB/s
[2026-08-04T17:33:05.791326+00:00] 📊 [NOMINAL  ] [Batch #022770] FPS:  54.6 /  60.0 target | SIMD: 3.25ms (307.38 M/s) | Payload:  1.44 KB/s
[2026-08-04T17:33:06.793928+00:00] 📊 [NOMINAL  ] [Batch #022825] FPS:  54.9 /  60.0 target | SIMD: 3.82ms (261.97 M/s) | Payload:  1.45 KB/s
[2026-08-04T17:33:07.806937+00:00] 📊 [NOMINAL  ] [Batch #022880] FPS:  54.3 /  60.0 target | SIMD: 5.09ms (196.45 M/s) | Payload:  1.43 KB/s
[2026-08-04T17:33:08.823314+00:00] 📊 [NOMINAL  ] [Batch #022935] FPS:  54.1 /  60.0 target | SIMD: 3.20ms (312.60 M/s) | Payload:  1.43 KB/s
[2026-08-04T17:33:09.835306+00:00] 📊 [NOMINAL  ] [Batch #022991] FPS:  55.3 /  60.0 target | SIMD: 2.70ms (370.35 M/s) | Payload:  1.46 KB/s
[2026-08-04T17:33:10.849669+00:00] 📊 [NOMINAL  ] [Batch #023046] FPS:  54.2 /  60.0 target | SIMD: 3.20ms (312.15 M/s) | Payload:  1.43 KB/s
[2026-08-04T17:33:11.851287+00:00] 📊 [NOMINAL  ] [Batch #023100] FPS:  53.9 /  60.0 target | SIMD: 4.32ms (231.60 M/s) | Payload:  1.42 KB/s
[2026-08-04T17:33:12.862576+00:00] 📊 [NOMINAL  ] [Batch #023155] FPS:  54.4 /  60.0 target | SIMD: 4.75ms (210.53 M/s) | Payload:  1.43 KB/s
[2026-08-04T17:33:13.882141+00:00] 📊 [NOMINAL  ] [Batch #023211] FPS:  54.9 /  60.0 target | SIMD: 3.05ms (327.88 M/s) | Payload:  1.45 KB/s
[2026-08-04T17:33:14.889663+00:00] 📊 [NOMINAL  ] [Batch #023266] FPS:  54.6 /  60.0 target | SIMD: 3.40ms (294.25 M/s) | Payload:  1.44 KB/s
[2026-08-04T17:33:15.891599+00:00] 📊 [NOMINAL  ] [Batch #023321] FPS:  54.9 /  60.0 target | SIMD: 3.02ms (331.37 M/s) | Payload:  1.45 KB/s
[2026-08-04T17:33:16.899459+00:00] 📊 [NOMINAL  ] [Batch #023377] FPS:  55.6 /  60.0 target | SIMD: 2.24ms (447.13 M/s) | Payload:  1.46 KB/s
[2026-08-04T17:33:17.901104+00:00] 📊 [NOMINAL  ] [Batch #023433] FPS:  55.9 /  60.0 target | SIMD: 1.95ms (512.01 M/s) | Payload:  1.47 KB/s
[2026-08-04T17:33:18.907097+00:00] 📊 [NOMINAL  ] [Batch #023489] FPS:  55.7 /  60.0 target | SIMD: 2.26ms (442.87 M/s) | Payload:  1.47 KB/s
[2026-08-04T17:33:19.918398+00:00] 📊 [NOMINAL  ] [Batch #023546] FPS:  56.4 /  60.0 target | SIMD: 1.28ms (781.39 M/s) | Payload:  1.49 KB/s
[2026-08-04T17:33:20.930465+00:00] 📊 [NOMINAL  ] [Batch #023603] FPS:  56.3 /  60.0 target | SIMD: 1.29ms (776.33 M/s) | Payload:  1.49 KB/s
[2026-08-04T17:33:21.938114+00:00] 📊 [NOMINAL  ] [Batch #023659] FPS:  55.6 /  60.0 target | SIMD: 2.63ms (379.83 M/s) | Payload:  1.46 KB/s
[2026-08-04T17:33:22.948552+00:00] 📊 [NOMINAL  ] [Batch #023715] FPS:  55.4 /  60.0 target | SIMD: 4.06ms (246.29 M/s) | Payload:  1.46 KB/s
[2026-08-04T17:33:23.961190+00:00] 📊 [NOMINAL  ] [Batch #023771] FPS:  55.3 /  60.0 target | SIMD: 3.26ms (306.48 M/s) | Payload:  1.46 KB/s
[2026-08-04T17:33:24.962722+00:00] 📊 [NOMINAL  ] [Batch #023827] FPS:  55.9 /  60.0 target | SIMD: 2.34ms (428.18 M/s) | Payload:  1.47 KB/s
[2026-08-04T17:33:25.966129+00:00] 📊 [NOMINAL  ] [Batch #023883] FPS:  55.8 /  60.0 target | SIMD: 3.04ms (328.80 M/s) | Payload:  1.47 KB/s
[2026-08-04T17:33:26.973522+00:00] 📊 [NOMINAL  ] [Batch #023938] FPS:  54.6 /  60.0 target | SIMD: 3.26ms (306.47 M/s) | Payload:  1.44 KB/s
[2026-08-04T17:33:27.979306+00:00] 📊 [NOMINAL  ] [Batch #023993] FPS:  54.7 /  60.0 target | SIMD: 2.96ms (338.17 M/s) | Payload:  1.44 KB/s
[2026-08-04T17:33:28.991134+00:00] 📊 [NOMINAL  ] [Batch #024049] FPS:  55.4 /  60.0 target | SIMD: 3.36ms (297.62 M/s) | Payload:  1.46 KB/s
[2026-08-04T17:33:29.998152+00:00] 📊 [NOMINAL  ] [Batch #024105] FPS:  55.6 /  60.0 target | SIMD: 2.88ms (347.09 M/s) | Payload:  1.47 KB/s
[2026-08-04T17:33:30.999053+00:00] 📊 [NOMINAL  ] [Batch #024161] FPS:  55.9 /  60.0 target | SIMD: 2.55ms (392.28 M/s) | Payload:  1.48 KB/s
[2026-08-04T17:33:32.016893+00:00] 📊 [NOMINAL  ] [Batch #024218] FPS:  56.0 /  60.0 target | SIMD: 2.45ms (408.56 M/s) | Payload:  1.48 KB/s
[2026-08-04T17:33:33.017539+00:00] 📊 [NOMINAL  ] [Batch #024274] FPS:  56.0 /  60.0 target | SIMD: 2.99ms (334.23 M/s) | Payload:  1.48 KB/s
[2026-08-04T17:33:34.018434+00:00] 📊 [NOMINAL  ] [Batch #024330] FPS:  56.0 /  60.0 target | SIMD: 2.88ms (347.44 M/s) | Payload:  1.48 KB/s
[2026-08-04T17:33:35.035606+00:00] 📊 [NOMINAL  ] [Batch #024387] FPS:  56.0 /  60.0 target | SIMD: 2.20ms (454.36 M/s) | Payload:  1.48 KB/s
[2026-08-04T17:33:36.053753+00:00] 📊 [NOMINAL  ] [Batch #024444] FPS:  56.0 /  60.0 target | SIMD: 1.88ms (530.66 M/s) | Payload:  1.48 KB/s
[2026-08-04T17:33:37.068551+00:00] 📊 [NOMINAL  ] [Batch #024501] FPS:  56.2 /  60.0 target | SIMD: 1.98ms (505.45 M/s) | Payload:  1.48 KB/s
[2026-08-04T17:33:38.078833+00:00] 📊 [NOMINAL  ] [Batch #024558] FPS:  56.4 /  60.0 target | SIMD: 1.76ms (568.60 M/s) | Payload:  1.49 KB/s
[2026-08-04T17:33:39.086624+00:00] 📊 [NOMINAL  ] [Batch #024615] FPS:  56.6 /  60.0 target | SIMD: 1.47ms (681.63 M/s) | Payload:  1.49 KB/s
[2026-08-04T17:33:40.093812+00:00] 📊 [NOMINAL  ] [Batch #024672] FPS:  56.6 /  60.0 target | SIMD: 1.48ms (674.76 M/s) | Payload:  1.49 KB/s
[2026-08-04T17:33:41.103884+00:00] 📊 [NOMINAL  ] [Batch #024729] FPS:  56.4 /  60.0 target | SIMD: 1.50ms (666.73 M/s) | Payload:  1.49 KB/s
[2026-08-04T17:33:42.107963+00:00] 📊 [NOMINAL  ] [Batch #024785] FPS:  55.8 /  60.0 target | SIMD: 2.28ms (437.92 M/s) | Payload:  1.47 KB/s
[2026-08-04T17:33:43.118279+00:00] 📊 [NOMINAL  ] [Batch #024841] FPS:  55.4 /  60.0 target | SIMD: 2.86ms (349.68 M/s) | Payload:  1.46 KB/s
[2026-08-04T17:33:44.131014+00:00] 📊 [NOMINAL  ] [Batch #024897] FPS:  55.3 /  60.0 target | SIMD: 2.60ms (384.55 M/s) | Payload:  1.46 KB/s
[2026-08-04T17:33:45.139989+00:00] 📊 [NOMINAL  ] [Batch #024954] FPS:  56.5 /  60.0 target | SIMD: 1.94ms (516.57 M/s) | Payload:  1.49 KB/s
[2026-08-04T17:33:46.148749+00:00] 📊 [NOMINAL  ] [Batch #025011] FPS:  56.5 /  60.0 target | SIMD: 1.52ms (656.62 M/s) | Payload:  1.49 KB/s
[2026-08-04T17:33:47.160546+00:00] 📊 [NOMINAL  ] [Batch #025066] FPS:  54.4 /  60.0 target | SIMD: 4.06ms (246.52 M/s) | Payload:  1.43 KB/s
[2026-08-04T17:33:48.174909+00:00] 📊 [NOMINAL  ] [Batch #025121] FPS:  54.2 /  60.0 target | SIMD: 5.38ms (185.86 M/s) | Payload:  1.43 KB/s
[2026-08-04T17:33:49.181835+00:00] 📊 [NOMINAL  ] [Batch #025175] FPS:  53.6 /  60.0 target | SIMD: 4.65ms (215.11 M/s) | Payload:  1.41 KB/s
[2026-08-04T17:33:50.183250+00:00] 📊 [NOMINAL  ] [Batch #025228] FPS:  52.9 /  60.0 target | SIMD: 4.98ms (200.75 M/s) | Payload:  1.40 KB/s
[2026-08-04T17:33:51.185219+00:00] 📊 [NOMINAL  ] [Batch #025282] FPS:  53.9 /  60.0 target | SIMD: 4.03ms (248.18 M/s) | Payload:  1.42 KB/s
[2026-08-04T17:33:52.188529+00:00] 📊 [NOMINAL  ] [Batch #025337] FPS:  54.8 /  60.0 target | SIMD: 4.33ms (231.10 M/s) | Payload:  1.45 KB/s
[2026-08-04T17:33:53.195862+00:00] 📊 [NOMINAL  ] [Batch #025391] FPS:  53.6 /  60.0 target | SIMD: 4.89ms (204.51 M/s) | Payload:  1.41 KB/s
[2026-08-04T17:33:54.212576+00:00] 📊 [NOMINAL  ] [Batch #025447] FPS:  55.1 /  60.0 target | SIMD: 3.63ms (275.51 M/s) | Payload:  1.45 KB/s
[2026-08-04T17:33:55.228409+00:00] 📊 [NOMINAL  ] [Batch #025503] FPS:  55.1 /  60.0 target | SIMD: 3.14ms (318.18 M/s) | Payload:  1.45 KB/s
[2026-08-04T17:33:56.238806+00:00] 📊 [NOMINAL  ] [Batch #025559] FPS:  55.4 /  60.0 target | SIMD: 3.43ms (291.39 M/s) | Payload:  1.46 KB/s
[2026-08-04T17:33:57.243752+00:00] 📊 [NOMINAL  ] [Batch #025614] FPS:  54.7 /  60.0 target | SIMD: 3.96ms (252.30 M/s) | Payload:  1.44 KB/s
[2026-08-04T17:33:58.244769+00:00] 📊 [NOMINAL  ] [Batch #025668] FPS:  53.9 /  60.0 target | SIMD: 3.61ms (277.06 M/s) | Payload:  1.42 KB/s
[2026-08-04T17:33:59.260112+00:00] 📊 [NOMINAL  ] [Batch #025723] FPS:  54.2 /  60.0 target | SIMD: 4.01ms (249.60 M/s) | Payload:  1.43 KB/s
[2026-08-04T17:34:00.266042+00:00] 📊 [NOMINAL  ] [Batch #025779] FPS:  55.7 /  60.0 target | SIMD: 2.98ms (335.22 M/s) | Payload:  1.47 KB/s
[2026-08-04T17:34:01.266842+00:00] 📊 [NOMINAL  ] [Batch #025835] FPS:  56.0 /  60.0 target | SIMD: 2.61ms (383.21 M/s) | Payload:  1.48 KB/s
[2026-08-04T17:34:02.271909+00:00] 📊 [NOMINAL  ] [Batch #025891] FPS:  55.7 /  60.0 target | SIMD: 3.03ms (330.52 M/s) | Payload:  1.47 KB/s
[2026-08-04T17:34:03.289351+00:00] 📊 [NOMINAL  ] [Batch #025947] FPS:  55.0 /  60.0 target | SIMD: 3.27ms (305.70 M/s) | Payload:  1.45 KB/s
[2026-08-04T17:34:04.296423+00:00] 📊 [NOMINAL  ] [Batch #026002] FPS:  54.6 /  60.0 target | SIMD: 3.23ms (309.32 M/s) | Payload:  1.44 KB/s
[2026-08-04T17:34:05.299717+00:00] 📊 [NOMINAL  ] [Batch #026058] FPS:  55.8 /  60.0 target | SIMD: 2.92ms (342.66 M/s) | Payload:  1.47 KB/s
[2026-08-04T17:34:06.314283+00:00] 📊 [NOMINAL  ] [Batch #026115] FPS:  56.2 /  60.0 target | SIMD: 2.20ms (454.63 M/s) | Payload:  1.48 KB/s
[2026-08-04T17:34:07.315166+00:00] 📊 [NOMINAL  ] [Batch #026171] FPS:  56.0 /  60.0 target | SIMD: 2.73ms (366.64 M/s) | Payload:  1.48 KB/s
[2026-08-04T17:34:08.315775+00:00] 📊 [NOMINAL  ] [Batch #026227] FPS:  56.0 /  60.0 target | SIMD: 2.69ms (371.38 M/s) | Payload:  1.48 KB/s
[2026-08-04T17:34:09.319121+00:00] 📊 [NOMINAL  ] [Batch #026283] FPS:  55.8 /  60.0 target | SIMD: 2.56ms (390.26 M/s) | Payload:  1.47 KB/s
[2026-08-04T17:34:10.330983+00:00] 📊 [NOMINAL  ] [Batch #026339] FPS:  55.3 /  60.0 target | SIMD: 2.11ms (474.79 M/s) | Payload:  1.46 KB/s
[2026-08-04T17:34:11.347350+00:00] 📊 [NOMINAL  ] [Batch #026395] FPS:  55.1 /  60.0 target | SIMD: 2.75ms (364.21 M/s) | Payload:  1.45 KB/s
[2026-08-04T17:34:12.365381+00:00] 📊 [NOMINAL  ] [Batch #026450] FPS:  54.0 /  60.0 target | SIMD: 2.87ms (347.95 M/s) | Payload:  1.42 KB/s
[2026-08-04T17:34:13.368310+00:00] 📊 [NOMINAL  ] [Batch #026505] FPS:  54.8 /  60.0 target | SIMD: 3.44ms (290.74 M/s) | Payload:  1.45 KB/s
[2026-08-04T17:34:14.372259+00:00] 📊 [NOMINAL  ] [Batch #026560] FPS:  54.8 /  60.0 target | SIMD: 3.69ms (270.80 M/s) | Payload:  1.44 KB/s
[2026-08-04T17:34:15.376972+00:00] 📊 [NOMINAL  ] [Batch #026614] FPS:  53.7 /  60.0 target | SIMD: 3.30ms (302.72 M/s) | Payload:  1.42 KB/s
[2026-08-04T17:34:16.386815+00:00] 📊 [NOMINAL  ] [Batch #026669] FPS:  54.5 /  60.0 target | SIMD: 3.19ms (313.01 M/s) | Payload:  1.44 KB/s
[2026-08-04T17:34:17.391120+00:00] 📊 [NOMINAL  ] [Batch #026724] FPS:  54.8 /  60.0 target | SIMD: 3.60ms (277.44 M/s) | Payload:  1.44 KB/s
[2026-08-04T17:34:18.403595+00:00] 📊 [NOMINAL  ] [Batch #026780] FPS:  55.3 /  60.0 target | SIMD: 3.88ms (257.89 M/s) | Payload:  1.46 KB/s
[2026-08-04T17:34:19.420896+00:00] 📊 [NOMINAL  ] [Batch #026837] FPS:  56.0 /  60.0 target | SIMD: 2.48ms (403.78 M/s) | Payload:  1.48 KB/s
[2026-08-04T17:34:20.429306+00:00] 📊 [NOMINAL  ] [Batch #026893] FPS:  55.5 /  60.0 target | SIMD: 2.19ms (457.36 M/s) | Payload:  1.46 KB/s
[2026-08-04T17:34:21.434884+00:00] 📊 [NOMINAL  ] [Batch #026949] FPS:  55.7 /  60.0 target | SIMD: 2.51ms (399.14 M/s) | Payload:  1.47 KB/s
[2026-08-04T17:34:22.436982+00:00] 📊 [NOMINAL  ] [Batch #027005] FPS:  55.9 /  60.0 target | SIMD: 2.51ms (398.04 M/s) | Payload:  1.47 KB/s
[2026-08-04T17:34:23.442093+00:00] 📊 [NOMINAL  ] [Batch #027061] FPS:  55.7 /  60.0 target | SIMD: 2.99ms (334.55 M/s) | Payload:  1.47 KB/s
[2026-08-04T17:34:24.450719+00:00] 📊 [NOMINAL  ] [Batch #027117] FPS:  55.5 /  60.0 target | SIMD: 3.32ms (301.39 M/s) | Payload:  1.46 KB/s
[2026-08-04T17:34:25.452078+00:00] 📊 [NOMINAL  ] [Batch #027173] FPS:  55.9 /  60.0 target | SIMD: 2.23ms (449.27 M/s) | Payload:  1.47 KB/s
[2026-08-04T17:34:26.464062+00:00] 📊 [NOMINAL  ] [Batch #027230] FPS:  56.3 /  60.0 target | SIMD: 1.84ms (542.09 M/s) | Payload:  1.49 KB/s
[2026-08-04T17:34:27.470931+00:00] 📊 [NOMINAL  ] [Batch #027286] FPS:  55.6 /  60.0 target | SIMD: 2.49ms (401.78 M/s) | Payload:  1.47 KB/s
[2026-08-04T17:34:28.472650+00:00] 📊 [NOMINAL  ] [Batch #027342] FPS:  55.9 /  60.0 target | SIMD: 2.99ms (334.54 M/s) | Payload:  1.47 KB/s
[2026-08-04T17:34:29.484168+00:00] 📊 [NOMINAL  ] [Batch #027397] FPS:  54.4 /  60.0 target | SIMD: 3.36ms (297.37 M/s) | Payload:  1.43 KB/s
[2026-08-04T17:34:30.495751+00:00] 📊 [NOMINAL  ] [Batch #027452] FPS:  54.4 /  60.0 target | SIMD: 3.32ms (301.60 M/s) | Payload:  1.43 KB/s
[2026-08-04T17:34:31.500975+00:00] 📊 [NOMINAL  ] [Batch #027508] FPS:  55.7 /  60.0 target | SIMD: 2.68ms (372.68 M/s) | Payload:  1.47 KB/s
[2026-08-04T17:34:32.502994+00:00] 📊 [NOMINAL  ] [Batch #027564] FPS:  55.9 /  60.0 target | SIMD: 2.06ms (485.74 M/s) | Payload:  1.47 KB/s
[2026-08-04T17:34:33.503473+00:00] 📊 [NOMINAL  ] [Batch #027620] FPS:  56.0 /  60.0 target | SIMD: 2.10ms (477.10 M/s) | Payload:  1.48 KB/s
[2026-08-04T17:34:34.505197+00:00] 📊 [NOMINAL  ] [Batch #027675] FPS:  54.9 /  60.0 target | SIMD: 3.25ms (307.87 M/s) | Payload:  1.45 KB/s
[2026-08-04T17:34:35.519419+00:00] 📊 [NOMINAL  ] [Batch #027731] FPS:  55.2 /  60.0 target | SIMD: 2.97ms (336.51 M/s) | Payload:  1.46 KB/s
[2026-08-04T17:34:36.530829+00:00] 📊 [NOMINAL  ] [Batch #027786] FPS:  54.4 /  60.0 target | SIMD: 3.19ms (313.68 M/s) | Payload:  1.43 KB/s
[2026-08-04T17:34:37.544130+00:00] 📊 [NOMINAL  ] [Batch #027842] FPS:  55.3 /  60.0 target | SIMD: 2.92ms (342.95 M/s) | Payload:  1.46 KB/s
[2026-08-04T17:34:38.547653+00:00] 📊 [NOMINAL  ] [Batch #027897] FPS:  54.8 /  60.0 target | SIMD: 4.43ms (225.58 M/s) | Payload:  1.45 KB/s
[2026-08-04T17:34:39.564710+00:00] 📊 [NOMINAL  ] [Batch #027952] FPS:  54.1 /  60.0 target | SIMD: 4.89ms (204.33 M/s) | Payload:  1.43 KB/s
[2026-08-04T17:34:40.572686+00:00] 📊 [NOMINAL  ] [Batch #028006] FPS:  53.6 /  60.0 target | SIMD: 4.55ms (219.58 M/s) | Payload:  1.41 KB/s
[2026-08-04T17:34:41.578474+00:00] 📊 [NOMINAL  ] [Batch #028059] FPS:  52.7 /  60.0 target | SIMD: 4.08ms (245.29 M/s) | Payload:  1.39 KB/s
[2026-08-04T17:34:42.590398+00:00] 📊 [NOMINAL  ] [Batch #028114] FPS:  54.3 /  60.0 target | SIMD: 4.43ms (225.85 M/s) | Payload:  1.43 KB/s
[2026-08-04T17:34:43.600207+00:00] 📊 [NOMINAL  ] [Batch #028170] FPS:  55.5 /  60.0 target | SIMD: 3.53ms (283.68 M/s) | Payload:  1.46 KB/s
[2026-08-04T17:34:44.614451+00:00] 📊 [NOMINAL  ] [Batch #028226] FPS:  55.2 /  60.0 target | SIMD: 3.79ms (264.12 M/s) | Payload:  1.46 KB/s
[2026-08-04T17:34:45.619494+00:00] 📊 [NOMINAL  ] [Batch #028281] FPS:  54.7 /  60.0 target | SIMD: 4.01ms (249.52 M/s) | Payload:  1.44 KB/s
[2026-08-04T17:34:46.636699+00:00] 📊 [NOMINAL  ] [Batch #028336] FPS:  54.1 /  60.0 target | SIMD: 3.82ms (261.94 M/s) | Payload:  1.43 KB/s
[2026-08-04T17:34:47.640450+00:00] 📊 [NOMINAL  ] [Batch #028391] FPS:  54.8 /  60.0 target | SIMD: 2.76ms (362.15 M/s) | Payload:  1.44 KB/s
[2026-08-04T17:34:48.652112+00:00] 📊 [NOMINAL  ] [Batch #028446] FPS:  54.4 /  60.0 target | SIMD: 3.21ms (311.64 M/s) | Payload:  1.43 KB/s
[2026-08-04T17:34:49.656152+00:00] 📊 [NOMINAL  ] [Batch #028502] FPS:  55.8 /  60.0 target | SIMD: 3.40ms (294.04 M/s) | Payload:  1.47 KB/s
[2026-08-04T17:34:50.669727+00:00] 📊 [NOMINAL  ] [Batch #028557] FPS:  54.3 /  60.0 target | SIMD: 4.03ms (247.97 M/s) | Payload:  1.43 KB/s
[2026-08-04T17:34:51.676712+00:00] 📊 [NOMINAL  ] [Batch #028611] FPS:  53.6 /  60.0 target | SIMD: 3.76ms (265.75 M/s) | Payload:  1.41 KB/s
[2026-08-04T17:34:52.694446+00:00] 📊 [NOMINAL  ] [Batch #028666] FPS:  54.0 /  60.0 target | SIMD: 3.11ms (321.51 M/s) | Payload:  1.42 KB/s
[2026-08-04T17:34:53.696473+00:00] 📊 [NOMINAL  ] [Batch #028721] FPS:  54.9 /  60.0 target | SIMD: 2.70ms (370.41 M/s) | Payload:  1.45 KB/s
[2026-08-04T17:34:54.715454+00:00] 📊 [NOMINAL  ] [Batch #028777] FPS:  55.0 /  60.0 target | SIMD: 2.87ms (348.05 M/s) | Payload:  1.45 KB/s
[2026-08-04T17:34:55.716293+00:00] 📊 [NOMINAL  ] [Batch #028833] FPS:  56.0 /  60.0 target | SIMD: 2.13ms (468.63 M/s) | Payload:  1.48 KB/s
[2026-08-04T17:34:56.726447+00:00] 📊 [NOMINAL  ] [Batch #028888] FPS:  54.4 /  60.0 target | SIMD: 3.40ms (293.81 M/s) | Payload:  1.44 KB/s
[2026-08-04T17:34:57.734327+00:00] 📊 [NOMINAL  ] [Batch #028943] FPS:  54.6 /  60.0 target | SIMD: 3.75ms (266.41 M/s) | Payload:  1.44 KB/s
[2026-08-04T17:34:58.750727+00:00] 📊 [NOMINAL  ] [Batch #028998] FPS:  54.1 /  60.0 target | SIMD: 3.42ms (292.22 M/s) | Payload:  1.43 KB/s
[2026-08-04T17:34:59.751171+00:00] 📊 [NOMINAL  ] [Batch #029052] FPS:  54.0 /  60.0 target | SIMD: 3.95ms (253.41 M/s) | Payload:  1.42 KB/s
[2026-08-04T17:35:00.763955+00:00] 📊 [NOMINAL  ] [Batch #029107] FPS:  54.3 /  60.0 target | SIMD: 3.54ms (282.61 M/s) | Payload:  1.43 KB/s
[2026-08-04T17:35:01.767043+00:00] 📊 [NOMINAL  ] [Batch #029161] FPS:  53.8 /  60.0 target | SIMD: 4.31ms (232.06 M/s) | Payload:  1.42 KB/s
[2026-08-04T17:35:02.768719+00:00] 📊 [NOMINAL  ] [Batch #029216] FPS:  54.9 /  60.0 target | SIMD: 3.35ms (298.91 M/s) | Payload:  1.45 KB/s
[2026-08-04T17:35:03.779774+00:00] 📊 [NOMINAL  ] [Batch #029272] FPS:  55.4 /  60.0 target | SIMD: 3.34ms (299.52 M/s) | Payload:  1.46 KB/s
[2026-08-04T17:35:04.793885+00:00] 📊 [NOMINAL  ] [Batch #029328] FPS:  55.2 /  60.0 target | SIMD: 3.59ms (278.51 M/s) | Payload:  1.46 KB/s
[2026-08-04T17:35:05.806188+00:00] 📊 [NOMINAL  ] [Batch #029384] FPS:  55.3 /  60.0 target | SIMD: 3.03ms (329.49 M/s) | Payload:  1.46 KB/s
[2026-08-04T17:35:06.819533+00:00] 📊 [NOMINAL  ] [Batch #029440] FPS:  55.3 /  60.0 target | SIMD: 3.27ms (305.52 M/s) | Payload:  1.46 KB/s
[2026-08-04T17:35:07.828013+00:00] 📊 [NOMINAL  ] [Batch #029496] FPS:  55.5 /  60.0 target | SIMD: 3.36ms (297.43 M/s) | Payload:  1.46 KB/s
[2026-08-04T17:35:08.845560+00:00] 📊 [NOMINAL  ] [Batch #029552] FPS:  55.0 /  60.0 target | SIMD: 3.62ms (276.38 M/s) | Payload:  1.45 KB/s
[2026-08-04T17:35:09.860419+00:00] 📊 [NOMINAL  ] [Batch #029608] FPS:  55.2 /  60.0 target | SIMD: 3.52ms (283.78 M/s) | Payload:  1.45 KB/s
[2026-08-04T17:35:10.870263+00:00] 📊 [NOMINAL  ] [Batch #029664] FPS:  55.5 /  60.0 target | SIMD: 3.50ms (285.60 M/s) | Payload:  1.46 KB/s
[2026-08-04T17:35:11.886039+00:00] 📊 [NOMINAL  ] [Batch #029719] FPS:  54.1 /  60.0 target | SIMD: 3.34ms (299.00 M/s) | Payload:  1.43 KB/s
[2026-08-04T17:35:12.891030+00:00] 📊 [NOMINAL  ] [Batch #029773] FPS:  53.7 /  60.0 target | SIMD: 3.39ms (295.04 M/s) | Payload:  1.42 KB/s
[2026-08-04T17:35:13.908892+00:00] 📊 [NOMINAL  ] [Batch #029829] FPS:  55.0 /  60.0 target | SIMD: 3.49ms (286.34 M/s) | Payload:  1.45 KB/s
[2026-08-04T17:35:14.920006+00:00] 📊 [NOMINAL  ] [Batch #029885] FPS:  55.4 /  60.0 target | SIMD: 3.34ms (299.37 M/s) | Payload:  1.46 KB/s
[2026-08-04T17:35:15.929898+00:00] 📊 [NOMINAL  ] [Batch #029941] FPS:  55.4 /  60.0 target | SIMD: 3.76ms (266.22 M/s) | Payload:  1.46 KB/s
[2026-08-04T17:35:16.944681+00:00] 📊 [NOMINAL  ] [Batch #029996] FPS:  54.2 /  60.0 target | SIMD: 3.56ms (281.01 M/s) | Payload:  1.43 KB/s
[2026-08-04T17:35:17.961314+00:00] 📊 [NOMINAL  ] [Batch #030051] FPS:  54.1 /  60.0 target | SIMD: 3.60ms (277.74 M/s) | Payload:  1.43 KB/s
[2026-08-04T17:35:18.976488+00:00] 📊 [NOMINAL  ] [Batch #030105] FPS:  53.2 /  60.0 target | SIMD: 3.54ms (282.28 M/s) | Payload:  1.40 KB/s
[2026-08-04T17:35:19.988081+00:00] 📊 [NOMINAL  ] [Batch #030160] FPS:  54.4 /  60.0 target | SIMD: 3.19ms (313.92 M/s) | Payload:  1.43 KB/s
[2026-08-04T17:35:20.989428+00:00] 📊 [NOMINAL  ] [Batch #030214] FPS:  53.9 /  60.0 target | SIMD: 3.43ms (291.94 M/s) | Payload:  1.42 KB/s
[2026-08-04T17:35:21.998336+00:00] 📊 [NOMINAL  ] [Batch #030270] FPS:  55.5 /  60.0 target | SIMD: 3.34ms (299.02 M/s) | Payload:  1.46 KB/s
[2026-08-04T17:35:23.005618+00:00] 📊 [NOMINAL  ] [Batch #030326] FPS:  55.6 /  60.0 target | SIMD: 3.32ms (300.97 M/s) | Payload:  1.47 KB/s
[2026-08-04T17:35:24.014455+00:00] 📊 [NOMINAL  ] [Batch #030382] FPS:  55.5 /  60.0 target | SIMD: 3.12ms (320.91 M/s) | Payload:  1.46 KB/s
[2026-08-04T17:35:25.031818+00:00] 📊 [NOMINAL  ] [Batch #030438] FPS:  55.0 /  60.0 target | SIMD: 3.42ms (292.12 M/s) | Payload:  1.45 KB/s
[2026-08-04T17:35:26.040209+00:00] 📊 [NOMINAL  ] [Batch #030494] FPS:  55.5 /  60.0 target | SIMD: 3.43ms (291.13 M/s) | Payload:  1.46 KB/s
[2026-08-04T17:35:27.052174+00:00] 📊 [NOMINAL  ] [Batch #030550] FPS:  55.3 /  60.0 target | SIMD: 3.23ms (309.82 M/s) | Payload:  1.46 KB/s
[2026-08-04T17:35:28.060954+00:00] 📊 [NOMINAL  ] [Batch #030606] FPS:  55.5 /  60.0 target | SIMD: 3.71ms (269.83 M/s) | Payload:  1.46 KB/s
[2026-08-04T17:35:29.071062+00:00] 📊 [NOMINAL  ] [Batch #030662] FPS:  55.4 /  60.0 target | SIMD: 3.77ms (265.12 M/s) | Payload:  1.46 KB/s
[2026-08-04T17:35:30.079110+00:00] 📊 [NOMINAL  ] [Batch #030718] FPS:  55.6 /  60.0 target | SIMD: 3.68ms (271.46 M/s) | Payload:  1.46 KB/s
[2026-08-04T17:35:31.093654+00:00] 📊 [NOMINAL  ] [Batch #030773] FPS:  54.2 /  60.0 target | SIMD: 4.08ms (245.31 M/s) | Payload:  1.43 KB/s
[2026-08-04T17:35:32.099102+00:00] 📊 [NOMINAL  ] [Batch #030828] FPS:  54.7 /  60.0 target | SIMD: 3.56ms (281.29 M/s) | Payload:  1.44 KB/s
[2026-08-04T17:35:33.106457+00:00] 📊 [NOMINAL  ] [Batch #030884] FPS:  55.6 /  60.0 target | SIMD: 3.29ms (303.84 M/s) | Payload:  1.47 KB/s
[2026-08-04T17:35:34.119986+00:00] 📊 [NOMINAL  ] [Batch #030940] FPS:  55.3 /  60.0 target | SIMD: 3.02ms (331.16 M/s) | Payload:  1.46 KB/s
[2026-08-04T17:35:35.136787+00:00] 📊 [NOMINAL  ] [Batch #030997] FPS:  56.1 /  60.0 target | SIMD: 2.37ms (421.91 M/s) | Payload:  1.48 KB/s
[2026-08-04T17:35:36.142433+00:00] 📊 [NOMINAL  ] [Batch #031052] FPS:  54.7 /  60.0 target | SIMD: 3.41ms (293.65 M/s) | Payload:  1.44 KB/s
[2026-08-04T17:35:37.155344+00:00] 📊 [NOMINAL  ] [Batch #031109] FPS:  56.3 /  60.0 target | SIMD: 2.45ms (408.79 M/s) | Payload:  1.48 KB/s
[2026-08-04T17:35:38.168128+00:00] 📊 [NOMINAL  ] [Batch #031166] FPS:  56.3 /  60.0 target | SIMD: 1.63ms (614.02 M/s) | Payload:  1.48 KB/s
[2026-08-04T17:35:39.183067+00:00] 📊 [NOMINAL  ] [Batch #031223] FPS:  56.2 /  60.0 target | SIMD: 1.65ms (605.96 M/s) | Payload:  1.48 KB/s
[2026-08-04T17:35:40.186681+00:00] 📊 [NOMINAL  ] [Batch #031279] FPS:  55.8 /  60.0 target | SIMD: 2.34ms (427.72 M/s) | Payload:  1.47 KB/s
[2026-08-04T17:35:41.200375+00:00] 📊 [NOMINAL  ] [Batch #031336] FPS:  56.2 /  60.0 target | SIMD: 2.36ms (423.50 M/s) | Payload:  1.48 KB/s
[2026-08-04T17:35:42.204495+00:00] 📊 [NOMINAL  ] [Batch #031391] FPS:  54.8 /  60.0 target | SIMD: 2.65ms (377.28 M/s) | Payload:  1.44 KB/s
[2026-08-04T17:35:43.207642+00:00] 📊 [NOMINAL  ] [Batch #031447] FPS:  55.8 /  60.0 target | SIMD: 3.07ms (325.98 M/s) | Payload:  1.47 KB/s
[2026-08-04T17:35:44.209148+00:00] 📊 [NOMINAL  ] [Batch #031503] FPS:  55.9 /  60.0 target | SIMD: 2.34ms (427.90 M/s) | Payload:  1.47 KB/s
[2026-08-04T17:35:44.404056+00:00] ⚠️ EVENT: Throttle Engaged | (19.15ms > 16.67ms). Target FPS: 60.0 -> 45.4
[2026-08-04T17:35:44.453413+00:00] 🟢 EVENT: Throttle Disengaged | Target FPS restored to 60.0
[2026-08-04T17:35:45.224287+00:00] 📊 [NOMINAL  ] [Batch #031559] FPS:  55.2 /  60.0 target | SIMD: 3.00ms (333.64 M/s) | Payload:  1.45 KB/s
[2026-08-04T17:35:46.229506+00:00] 📊 [NOMINAL  ] [Batch #031615] FPS:  55.7 /  60.0 target | SIMD: 2.50ms (399.49 M/s) | Payload:  1.47 KB/s
[2026-08-04T17:35:47.242967+00:00] 📊 [NOMINAL  ] [Batch #031671] FPS:  55.3 /  60.0 target | SIMD: 3.61ms (277.08 M/s) | Payload:  1.46 KB/s
[2026-08-04T17:35:48.256041+00:00] 📊 [NOMINAL  ] [Batch #031727] FPS:  55.3 /  60.0 target | SIMD: 3.11ms (321.05 M/s) | Payload:  1.46 KB/s
[2026-08-04T17:35:49.269973+00:00] 📊 [NOMINAL  ] [Batch #031783] FPS:  55.2 /  60.0 target | SIMD: 3.71ms (269.47 M/s) | Payload:  1.46 KB/s
[2026-08-04T17:35:50.275708+00:00] 📊 [NOMINAL  ] [Batch #031839] FPS:  55.7 /  60.0 target | SIMD: 3.02ms (331.03 M/s) | Payload:  1.47 KB/s
[2026-08-04T17:35:51.295118+00:00] 📊 [NOMINAL  ] [Batch #031896] FPS:  55.9 /  60.0 target | SIMD: 2.61ms (382.69 M/s) | Payload:  1.47 KB/s
[2026-08-04T17:35:52.312939+00:00] 📊 [NOMINAL  ] [Batch #031952] FPS:  55.0 /  60.0 target | SIMD: 3.45ms (289.78 M/s) | Payload:  1.45 KB/s
[2026-08-04T17:35:53.327795+00:00] 📊 [NOMINAL  ] [Batch #032008] FPS:  55.2 /  60.0 target | SIMD: 3.17ms (315.45 M/s) | Payload:  1.45 KB/s
[2026-08-04T17:35:54.337412+00:00] 📊 [NOMINAL  ] [Batch #032064] FPS:  55.5 /  60.0 target | SIMD: 2.61ms (382.52 M/s) | Payload:  1.46 KB/s
[2026-08-04T17:35:55.343962+00:00] 📊 [NOMINAL  ] [Batch #032120] FPS:  55.6 /  60.0 target | SIMD: 3.14ms (318.25 M/s) | Payload:  1.47 KB/s
[2026-08-04T17:35:56.355233+00:00] 📊 [NOMINAL  ] [Batch #032176] FPS:  55.4 /  60.0 target | SIMD: 3.78ms (264.58 M/s) | Payload:  1.46 KB/s
[2026-08-04T17:35:57.366657+00:00] 📊 [NOMINAL  ] [Batch #032232] FPS:  55.4 /  60.0 target | SIMD: 3.67ms (272.64 M/s) | Payload:  1.46 KB/s
[2026-08-04T17:35:58.372285+00:00] 📊 [NOMINAL  ] [Batch #032288] FPS:  55.7 /  60.0 target | SIMD: 3.23ms (309.17 M/s) | Payload:  1.47 KB/s
[2026-08-04T17:35:59.387858+00:00] 📊 [NOMINAL  ] [Batch #032345] FPS:  56.1 /  60.0 target | SIMD: 2.13ms (469.05 M/s) | Payload:  1.48 KB/s
[2026-08-04T17:36:00.397071+00:00] 📊 [NOMINAL  ] [Batch #032402] FPS:  56.5 /  60.0 target | SIMD: 1.82ms (549.08 M/s) | Payload:  1.49 KB/s
[2026-08-04T17:36:01.406356+00:00] 📊 [NOMINAL  ] [Batch #032459] FPS:  56.5 /  60.0 target | SIMD: 2.11ms (474.66 M/s) | Payload:  1.49 KB/s
[2026-08-04T17:36:02.418224+00:00] 📊 [NOMINAL  ] [Batch #032516] FPS:  56.3 /  60.0 target | SIMD: 1.76ms (567.64 M/s) | Payload:  1.49 KB/s
[2026-08-04T17:36:03.097586+00:00] ⚠️ EVENT: Throttle Engaged | (17.60ms > 16.67ms). Target FPS: 60.0 -> 49.4
[2026-08-04T17:36:03.126006+00:00] 🟢 EVENT: Throttle Disengaged | Target FPS restored to 60.0
[2026-08-04T17:36:03.426572+00:00] 📊 [NOMINAL  ] [Batch #032572] FPS:  55.5 /  60.0 target | SIMD: 2.77ms (361.02 M/s) | Payload:  1.46 KB/s
[2026-08-04T17:36:04.429661+00:00] 📊 [NOMINAL  ] [Batch #032628] FPS:  55.8 /  60.0 target | SIMD: 3.11ms (321.27 M/s) | Payload:  1.47 KB/s
[2026-08-04T17:36:05.436067+00:00] 📊 [NOMINAL  ] [Batch #032684] FPS:  55.6 /  60.0 target | SIMD: 3.10ms (322.77 M/s) | Payload:  1.47 KB/s
[2026-08-04T17:36:06.444467+00:00] 📊 [NOMINAL  ] [Batch #032740] FPS:  55.5 /  60.0 target | SIMD: 2.84ms (351.92 M/s) | Payload:  1.46 KB/s
[2026-08-04T17:36:07.454169+00:00] 📊 [NOMINAL  ] [Batch #032796] FPS:  55.5 /  60.0 target | SIMD: 3.20ms (312.25 M/s) | Payload:  1.46 KB/s
[2026-08-04T17:36:08.454489+00:00] 📊 [NOMINAL  ] [Batch #032852] FPS:  56.0 /  60.0 target | SIMD: 2.74ms (364.70 M/s) | Payload:  1.48 KB/s
[2026-08-04T17:36:09.467458+00:00] 📊 [NOMINAL  ] [Batch #032909] FPS:  56.3 /  60.0 target | SIMD: 2.11ms (472.86 M/s) | Payload:  1.48 KB/s
[2026-08-04T17:36:10.477726+00:00] 📊 [NOMINAL  ] [Batch #032965] FPS:  55.4 /  60.0 target | SIMD: 2.48ms (402.74 M/s) | Payload:  1.46 KB/s
[2026-08-04T17:36:11.478105+00:00] 📊 [NOMINAL  ] [Batch #033021] FPS:  56.0 /  60.0 target | SIMD: 2.15ms (465.87 M/s) | Payload:  1.48 KB/s
[2026-08-04T17:36:12.483192+00:00] 📊 [NOMINAL  ] [Batch #033077] FPS:  55.7 /  60.0 target | SIMD: 2.54ms (394.25 M/s) | Payload:  1.47 KB/s
[2026-08-04T17:36:13.489114+00:00] 📊 [NOMINAL  ] [Batch #033132] FPS:  54.7 /  60.0 target | SIMD: 3.16ms (316.10 M/s) | Payload:  1.44 KB/s
[2026-08-04T17:36:14.499819+00:00] 📊 [NOMINAL  ] [Batch #033188] FPS:  55.4 /  60.0 target | SIMD: 3.63ms (275.42 M/s) | Payload:  1.46 KB/s
[2026-08-04T17:36:15.510329+00:00] 📊 [NOMINAL  ] [Batch #033243] FPS:  54.4 /  60.0 target | SIMD: 4.20ms (238.00 M/s) | Payload:  1.44 KB/s
[2026-08-04T17:36:16.518302+00:00] 📊 [NOMINAL  ] [Batch #033300] FPS:  56.5 /  60.0 target | SIMD: 1.73ms (577.21 M/s) | Payload:  1.49 KB/s
[2026-08-04T17:36:17.529148+00:00] 📊 [NOMINAL  ] [Batch #033357] FPS:  56.4 /  60.0 target | SIMD: 1.69ms (590.56 M/s) | Payload:  1.49 KB/s
[2026-08-04T17:36:18.534326+00:00] 📊 [NOMINAL  ] [Batch #033413] FPS:  55.7 /  60.0 target | SIMD: 2.39ms (417.63 M/s) | Payload:  1.47 KB/s
[2026-08-04T17:36:19.537620+00:00] 📊 [NOMINAL  ] [Batch #033469] FPS:  55.8 /  60.0 target | SIMD: 2.60ms (384.83 M/s) | Payload:  1.47 KB/s
[2026-08-04T17:36:20.553237+00:00] 📊 [NOMINAL  ] [Batch #033525] FPS:  55.1 /  60.0 target | SIMD: 2.83ms (353.90 M/s) | Payload:  1.45 KB/s
[2026-08-04T17:36:21.022279+00:00] ⚠️ EVENT: Throttle Engaged | (18.31ms > 16.67ms). Target FPS: 60.0 -> 47.5
[2026-08-04T17:36:21.067369+00:00] 🟢 EVENT: Throttle Disengaged | Target FPS restored to 60.0
[2026-08-04T17:36:21.565549+00:00] 📊 [NOMINAL  ] [Batch #033580] FPS:  54.3 /  60.0 target | SIMD: 4.32ms (231.48 M/s) | Payload:  1.43 KB/s
[2026-08-04T17:36:22.577058+00:00] 📊 [NOMINAL  ] [Batch #033636] FPS:  55.4 /  60.0 target | SIMD: 4.18ms (239.08 M/s) | Payload:  1.46 KB/s
[2026-08-04T17:36:23.595443+00:00] 📊 [NOMINAL  ] [Batch #033692] FPS:  55.0 /  60.0 target | SIMD: 4.17ms (239.85 M/s) | Payload:  1.45 KB/s
[2026-08-04T17:36:24.601429+00:00] 📊 [NOMINAL  ] [Batch #033747] FPS:  54.7 /  60.0 target | SIMD: 4.26ms (234.48 M/s) | Payload:  1.44 KB/s
[2026-08-04T17:36:25.614701+00:00] 📊 [NOMINAL  ] [Batch #033802] FPS:  54.3 /  60.0 target | SIMD: 4.16ms (240.51 M/s) | Payload:  1.43 KB/s
[2026-08-04T17:36:26.620396+00:00] 📊 [NOMINAL  ] [Batch #033857] FPS:  54.7 /  60.0 target | SIMD: 3.23ms (309.79 M/s) | Payload:  1.44 KB/s
[2026-08-04T17:36:27.628256+00:00] 📊 [NOMINAL  ] [Batch #033911] FPS:  53.6 /  60.0 target | SIMD: 3.73ms (268.36 M/s) | Payload:  1.41 KB/s
[2026-08-04T17:36:28.642114+00:00] 📊 [NOMINAL  ] [Batch #033966] FPS:  54.2 /  60.0 target | SIMD: 4.09ms (244.27 M/s) | Payload:  1.43 KB/s
[2026-08-04T17:36:29.655374+00:00] 📊 [NOMINAL  ] [Batch #034021] FPS:  54.3 /  60.0 target | SIMD: 3.58ms (279.48 M/s) | Payload:  1.43 KB/s
[2026-08-04T17:36:30.666189+00:00] 📊 [NOMINAL  ] [Batch #034076] FPS:  54.4 /  60.0 target | SIMD: 4.08ms (244.90 M/s) | Payload:  1.43 KB/s
[2026-08-04T17:36:31.683075+00:00] 📊 [NOMINAL  ] [Batch #034132] FPS:  55.1 /  60.0 target | SIMD: 3.16ms (316.68 M/s) | Payload:  1.45 KB/s
[2026-08-04T17:36:32.689091+00:00] 📊 [NOMINAL  ] [Batch #034187] FPS:  54.7 /  60.0 target | SIMD: 3.05ms (327.33 M/s) | Payload:  1.44 KB/s
[2026-08-04T17:36:33.690814+00:00] 📊 [NOMINAL  ] [Batch #034241] FPS:  53.9 /  60.0 target | SIMD: 3.22ms (310.32 M/s) | Payload:  1.42 KB/s
[2026-08-04T17:36:34.701434+00:00] 📊 [NOMINAL  ] [Batch #034296] FPS:  54.4 /  60.0 target | SIMD: 3.19ms (313.50 M/s) | Payload:  1.43 KB/s
[2026-08-04T17:36:35.705849+00:00] 📊 [NOMINAL  ] [Batch #034350] FPS:  53.8 /  60.0 target | SIMD: 4.08ms (245.04 M/s) | Payload:  1.42 KB/s
[2026-08-04T17:36:36.709190+00:00] 📊 [NOMINAL  ] [Batch #034405] FPS:  54.8 /  60.0 target | SIMD: 2.94ms (340.20 M/s) | Payload:  1.45 KB/s
[2026-08-04T17:36:37.726865+00:00] 📊 [NOMINAL  ] [Batch #034461] FPS:  55.0 /  60.0 target | SIMD: 2.92ms (342.31 M/s) | Payload:  1.45 KB/s
[2026-08-04T17:36:38.731595+00:00] 📊 [NOMINAL  ] [Batch #034516] FPS:  54.7 /  60.0 target | SIMD: 3.78ms (264.51 M/s) | Payload:  1.44 KB/s
[2026-08-04T17:36:39.737043+00:00] 📊 [NOMINAL  ] [Batch #034571] FPS:  54.7 /  60.0 target | SIMD: 3.28ms (304.88 M/s) | Payload:  1.44 KB/s
[2026-08-04T17:36:40.741544+00:00] 📊 [NOMINAL  ] [Batch #034626] FPS:  54.8 /  60.0 target | SIMD: 3.24ms (308.90 M/s) | Payload:  1.44 KB/s
[2026-08-04T17:36:41.744493+00:00] 📊 [NOMINAL  ] [Batch #034680] FPS:  53.8 /  60.0 target | SIMD: 3.26ms (307.18 M/s) | Payload:  1.42 KB/s
[2026-08-04T17:36:42.759599+00:00] 📊 [NOMINAL  ] [Batch #034736] FPS:  55.2 /  60.0 target | SIMD: 4.01ms (249.10 M/s) | Payload:  1.45 KB/s
[2026-08-04T17:36:43.767211+00:00] 📊 [NOMINAL  ] [Batch #034791] FPS:  54.6 /  60.0 target | SIMD: 3.05ms (327.50 M/s) | Payload:  1.44 KB/s
[2026-08-04T17:36:44.780297+00:00] 📊 [NOMINAL  ] [Batch #034846] FPS:  54.3 /  60.0 target | SIMD: 3.28ms (304.44 M/s) | Payload:  1.43 KB/s
[2026-08-04T17:36:45.790675+00:00] 📊 [NOMINAL  ] [Batch #034901] FPS:  54.4 /  60.0 target | SIMD: 3.51ms (285.28 M/s) | Payload:  1.44 KB/s
[2026-08-04T17:36:46.804653+00:00] 📊 [NOMINAL  ] [Batch #034956] FPS:  54.2 /  60.0 target | SIMD: 3.04ms (329.08 M/s) | Payload:  1.43 KB/s
[2026-08-04T17:36:47.806230+00:00] 📊 [NOMINAL  ] [Batch #035012] FPS:  55.9 /  60.0 target | SIMD: 2.08ms (481.71 M/s) | Payload:  1.47 KB/s
[2026-08-04T17:36:48.808098+00:00] 📊 [NOMINAL  ] [Batch #035066] FPS:  53.9 /  60.0 target | SIMD: 4.75ms (210.49 M/s) | Payload:  1.42 KB/s
[2026-08-04T17:36:49.813236+00:00] 📊 [NOMINAL  ] [Batch #035121] FPS:  54.7 /  60.0 target | SIMD: 5.19ms (192.51 M/s) | Payload:  1.44 KB/s
[2026-08-04T17:36:50.831528+00:00] 📊 [NOMINAL  ] [Batch #035176] FPS:  54.0 /  60.0 target | SIMD: 5.38ms (185.71 M/s) | Payload:  1.42 KB/s
[2026-08-04T17:36:51.834793+00:00] 📊 [NOMINAL  ] [Batch #035231] FPS:  54.8 /  60.0 target | SIMD: 5.62ms (177.93 M/s) | Payload:  1.45 KB/s
[2026-08-04T17:36:52.835976+00:00] 📊 [NOMINAL  ] [Batch #035285] FPS:  53.9 /  60.0 target | SIMD: 5.11ms (195.61 M/s) | Payload:  1.42 KB/s
[2026-08-04T17:36:53.846451+00:00] 📊 [NOMINAL  ] [Batch #035340] FPS:  54.4 /  60.0 target | SIMD: 4.18ms (238.96 M/s) | Payload:  1.44 KB/s
[2026-08-04T17:36:54.850082+00:00] 📊 [NOMINAL  ] [Batch #035394] FPS:  53.8 /  60.0 target | SIMD: 5.45ms (183.38 M/s) | Payload:  1.42 KB/s
[2026-08-04T17:36:55.853395+00:00] 📊 [NOMINAL  ] [Batch #035448] FPS:  53.8 /  60.0 target | SIMD: 5.47ms (182.70 M/s) | Payload:  1.42 KB/s
[2026-08-04T17:36:56.352730+00:00] ⚠️ EVENT: Throttle Engaged | (20.04ms > 16.67ms). Target FPS: 60.0 -> 43.4
[2026-08-04T17:36:56.422435+00:00] 🟢 EVENT: Throttle Disengaged | Target FPS restored to 60.0
[2026-08-04T17:36:56.858982+00:00] 📊 [NOMINAL  ] [Batch #035502] FPS:  53.7 /  60.0 target | SIMD: 4.53ms (220.54 M/s) | Payload:  1.42 KB/s
[2026-08-04T17:36:57.873792+00:00] 📊 [NOMINAL  ] [Batch #035557] FPS:  54.2 /  60.0 target | SIMD: 5.05ms (198.20 M/s) | Payload:  1.43 KB/s
[2026-08-04T17:36:58.879320+00:00] 📊 [NOMINAL  ] [Batch #035612] FPS:  54.7 /  60.0 target | SIMD: 4.91ms (203.52 M/s) | Payload:  1.44 KB/s
[2026-08-04T17:36:59.881177+00:00] 📊 [NOMINAL  ] [Batch #035667] FPS:  54.9 /  60.0 target | SIMD: 5.03ms (198.78 M/s) | Payload:  1.45 KB/s
[2026-08-04T17:37:00.881939+00:00] 📊 [NOMINAL  ] [Batch #035722] FPS:  55.0 /  60.0 target | SIMD: 4.91ms (203.52 M/s) | Payload:  1.45 KB/s
[2026-08-04T17:37:01.899880+00:00] 📊 [NOMINAL  ] [Batch #035777] FPS:  54.0 /  60.0 target | SIMD: 5.26ms (190.21 M/s) | Payload:  1.42 KB/s
[2026-08-04T17:37:02.904214+00:00] 📊 [NOMINAL  ] [Batch #035831] FPS:  53.8 /  60.0 target | SIMD: 5.13ms (195.07 M/s) | Payload:  1.42 KB/s
[2026-08-04T17:37:03.906985+00:00] 📊 [NOMINAL  ] [Batch #035886] FPS:  54.9 /  60.0 target | SIMD: 3.99ms (250.58 M/s) | Payload:  1.45 KB/s
[2026-08-04T17:37:04.916083+00:00] 📊 [NOMINAL  ] [Batch #035940] FPS:  53.5 /  60.0 target | SIMD: 5.33ms (187.63 M/s) | Payload:  1.41 KB/s
[2026-08-04T17:37:05.923756+00:00] 📊 [NOMINAL  ] [Batch #035994] FPS:  53.6 /  60.0 target | SIMD: 6.48ms (154.40 M/s) | Payload:  1.41 KB/s
[2026-08-04T17:37:06.512353+00:00] ⚠️ EVENT: Throttle Engaged | (17.67ms > 16.67ms). Target FPS: 60.0 -> 49.2
[2026-08-04T17:37:06.536300+00:00] 🟢 EVENT: Throttle Disengaged | Target FPS restored to 60.0
[2026-08-04T17:37:06.940355+00:00] 📊 [NOMINAL  ] [Batch #036049] FPS:  54.1 /  60.0 target | SIMD: 3.19ms (313.42 M/s) | Payload:  1.43 KB/s
[2026-08-04T17:37:07.949917+00:00] 📊 [NOMINAL  ] [Batch #036104] FPS:  54.5 /  60.0 target | SIMD: 3.06ms (326.99 M/s) | Payload:  1.44 KB/s
[2026-08-04T17:37:08.950091+00:00] 📊 [NOMINAL  ] [Batch #036159] FPS:  55.0 /  60.0 target | SIMD: 2.96ms (337.62 M/s) | Payload:  1.45 KB/s
[2026-08-04T17:37:09.966017+00:00] 📊 [NOMINAL  ] [Batch #036215] FPS:  55.1 /  60.0 target | SIMD: 2.83ms (352.97 M/s) | Payload:  1.45 KB/s
[2026-08-04T17:37:10.977526+00:00] 📊 [NOMINAL  ] [Batch #036270] FPS:  54.4 /  60.0 target | SIMD: 4.92ms (203.39 M/s) | Payload:  1.43 KB/s
[2026-08-04T17:37:11.991318+00:00] 📊 [NOMINAL  ] [Batch #036325] FPS:  54.3 /  60.0 target | SIMD: 3.12ms (320.38 M/s) | Payload:  1.43 KB/s
[2026-08-04T17:37:13.005312+00:00] 📊 [NOMINAL  ] [Batch #036382] FPS:  56.2 /  60.0 target | SIMD: 2.11ms (474.00 M/s) | Payload:  1.48 KB/s
[2026-08-04T17:37:14.021497+00:00] 📊 [NOMINAL  ] [Batch #036438] FPS:  55.1 /  60.0 target | SIMD: 2.81ms (356.51 M/s) | Payload:  1.45 KB/s
[2026-08-04T17:37:15.035958+00:00] 📊 [NOMINAL  ] [Batch #036493] FPS:  54.2 /  60.0 target | SIMD: 3.31ms (302.29 M/s) | Payload:  1.43 KB/s
[2026-08-04T17:37:16.050440+00:00] 📊 [NOMINAL  ] [Batch #036549] FPS:  55.2 /  60.0 target | SIMD: 3.66ms (273.43 M/s) | Payload:  1.46 KB/s
[2026-08-04T17:37:17.060662+00:00] 📊 [NOMINAL  ] [Batch #036604] FPS:  54.4 /  60.0 target | SIMD: 4.00ms (250.19 M/s) | Payload:  1.44 KB/s
[2026-08-04T17:37:18.060780+00:00] 📊 [NOMINAL  ] [Batch #036659] FPS:  55.0 /  60.0 target | SIMD: 4.19ms (238.79 M/s) | Payload:  1.45 KB/s
[2026-08-04T17:37:19.067455+00:00] 📊 [NOMINAL  ] [Batch #036714] FPS:  54.6 /  60.0 target | SIMD: 4.37ms (228.72 M/s) | Payload:  1.44 KB/s
[2026-08-04T17:37:20.072586+00:00] 📊 [NOMINAL  ] [Batch #036769] FPS:  54.7 /  60.0 target | SIMD: 3.84ms (260.53 M/s) | Payload:  1.44 KB/s
[2026-08-04T17:37:21.088885+00:00] 📊 [NOMINAL  ] [Batch #036825] FPS:  55.1 /  60.0 target | SIMD: 4.19ms (238.86 M/s) | Payload:  1.45 KB/s
[2026-08-04T17:37:22.098336+00:00] 📊 [NOMINAL  ] [Batch #036880] FPS:  54.5 /  60.0 target | SIMD: 3.74ms (267.46 M/s) | Payload:  1.44 KB/s
[2026-08-04T17:37:23.104647+00:00] 📊 [NOMINAL  ] [Batch #036935] FPS:  54.7 /  60.0 target | SIMD: 3.23ms (309.91 M/s) | Payload:  1.44 KB/s
[2026-08-04T17:37:24.111790+00:00] 📊 [NOMINAL  ] [Batch #036991] FPS:  55.6 /  60.0 target | SIMD: 2.45ms (408.76 M/s) | Payload:  1.47 KB/s
[2026-08-04T17:37:25.127247+00:00] 📊 [NOMINAL  ] [Batch #037047] FPS:  55.2 /  60.0 target | SIMD: 2.83ms (353.71 M/s) | Payload:  1.45 KB/s
[2026-08-04T17:37:26.135139+00:00] 📊 [NOMINAL  ] [Batch #037102] FPS:  54.6 /  60.0 target | SIMD: 3.11ms (321.34 M/s) | Payload:  1.44 KB/s
[2026-08-04T17:37:27.140247+00:00] 📊 [NOMINAL  ] [Batch #037156] FPS:  53.7 /  60.0 target | SIMD: 3.98ms (251.56 M/s) | Payload:  1.42 KB/s
[2026-08-04T17:37:28.156090+00:00] 📊 [NOMINAL  ] [Batch #037212] FPS:  55.1 /  60.0 target | SIMD: 5.23ms (191.37 M/s) | Payload:  1.45 KB/s
[2026-08-04T17:37:29.170001+00:00] 📊 [NOMINAL  ] [Batch #037267] FPS:  54.2 /  60.0 target | SIMD: 4.78ms (209.19 M/s) | Payload:  1.43 KB/s
[2026-08-04T17:37:30.178765+00:00] 📊 [NOMINAL  ] [Batch #037322] FPS:  54.5 /  60.0 target | SIMD: 4.15ms (241.01 M/s) | Payload:  1.44 KB/s
[2026-08-04T17:37:31.179452+00:00] 📊 [NOMINAL  ] [Batch #037376] FPS:  54.0 /  60.0 target | SIMD: 5.22ms (191.59 M/s) | Payload:  1.42 KB/s
[2026-08-04T17:37:32.192534+00:00] 📊 [NOMINAL  ] [Batch #037431] FPS:  54.3 /  60.0 target | SIMD: 2.92ms (342.16 M/s) | Payload:  1.43 KB/s
[2026-08-04T17:37:33.207928+00:00] 📊 [NOMINAL  ] [Batch #037486] FPS:  54.2 /  60.0 target | SIMD: 3.25ms (308.06 M/s) | Payload:  1.43 KB/s
[2026-08-04T17:37:34.223473+00:00] 📊 [NOMINAL  ] [Batch #037541] FPS:  54.2 /  60.0 target | SIMD: 4.15ms (240.97 M/s) | Payload:  1.43 KB/s
[2026-08-04T17:37:35.235860+00:00] 📊 [NOMINAL  ] [Batch #037596] FPS:  54.3 /  60.0 target | SIMD: 3.26ms (306.62 M/s) | Payload:  1.43 KB/s
[2026-08-04T17:37:36.249873+00:00] 📊 [NOMINAL  ] [Batch #037651] FPS:  54.2 /  60.0 target | SIMD: 3.49ms (286.43 M/s) | Payload:  1.43 KB/s
[2026-08-04T17:37:37.250701+00:00] 📊 [NOMINAL  ] [Batch #037705] FPS:  54.0 /  60.0 target | SIMD: 3.22ms (310.70 M/s) | Payload:  1.42 KB/s
[2026-08-04T17:37:38.252009+00:00] 📊 [NOMINAL  ] [Batch #037759] FPS:  53.9 /  60.0 target | SIMD: 3.58ms (279.02 M/s) | Payload:  1.42 KB/s
[2026-08-04T17:37:39.259432+00:00] 📊 [NOMINAL  ] [Batch #037814] FPS:  54.6 /  60.0 target | SIMD: 4.09ms (244.71 M/s) | Payload:  1.44 KB/s
[2026-08-04T17:37:40.269825+00:00] 📊 [NOMINAL  ] [Batch #037870] FPS:  55.4 /  60.0 target | SIMD: 3.07ms (325.49 M/s) | Payload:  1.46 KB/s
[2026-08-04T17:37:41.276690+00:00] 📊 [NOMINAL  ] [Batch #037924] FPS:  53.6 /  60.0 target | SIMD: 5.20ms (192.17 M/s) | Payload:  1.41 KB/s
[2026-08-04T17:37:42.286872+00:00] 📊 [NOMINAL  ] [Batch #037978] FPS:  53.5 /  60.0 target | SIMD: 3.67ms (272.85 M/s) | Payload:  1.41 KB/s
[2026-08-04T17:37:43.302576+00:00] 📊 [NOMINAL  ] [Batch #038034] FPS:  55.1 /  60.0 target | SIMD: 2.86ms (349.72 M/s) | Payload:  1.45 KB/s
[2026-08-04T17:37:44.310871+00:00] 📊 [NOMINAL  ] [Batch #038089] FPS:  54.5 /  60.0 target | SIMD: 3.56ms (281.19 M/s) | Payload:  1.44 KB/s
[2026-08-04T17:37:45.319181+00:00] 📊 [NOMINAL  ] [Batch #038144] FPS:  54.5 /  60.0 target | SIMD: 3.38ms (296.23 M/s) | Payload:  1.44 KB/s
[2026-08-04T17:37:46.321305+00:00] 📊 [NOMINAL  ] [Batch #038198] FPS:  53.9 /  60.0 target | SIMD: 3.21ms (311.38 M/s) | Payload:  1.42 KB/s
[2026-08-04T17:37:47.328722+00:00] 📊 [NOMINAL  ] [Batch #038253] FPS:  54.6 /  60.0 target | SIMD: 3.14ms (318.88 M/s) | Payload:  1.44 KB/s
[2026-08-04T17:37:48.336084+00:00] 📊 [NOMINAL  ] [Batch #038308] FPS:  54.6 /  60.0 target | SIMD: 3.24ms (308.39 M/s) | Payload:  1.44 KB/s
[2026-08-04T17:37:49.352240+00:00] 📊 [NOMINAL  ] [Batch #038364] FPS:  55.1 /  60.0 target | SIMD: 3.27ms (305.91 M/s) | Payload:  1.45 KB/s
[2026-08-04T17:37:50.368247+00:00] 📊 [NOMINAL  ] [Batch #038418] FPS:  53.2 /  60.0 target | SIMD: 5.24ms (190.90 M/s) | Payload:  1.40 KB/s
[2026-08-04T17:37:51.377701+00:00] 📊 [NOMINAL  ] [Batch #038474] FPS:  55.5 /  60.0 target | SIMD: 3.89ms (257.24 M/s) | Payload:  1.46 KB/s
[2026-08-04T17:37:52.394290+00:00] 📊 [NOMINAL  ] [Batch #038530] FPS:  55.1 /  60.0 target | SIMD: 3.97ms (251.77 M/s) | Payload:  1.45 KB/s
[2026-08-04T17:37:53.402967+00:00] 📊 [NOMINAL  ] [Batch #038585] FPS:  54.5 /  60.0 target | SIMD: 3.47ms (288.11 M/s) | Payload:  1.44 KB/s
[2026-08-04T17:37:54.415212+00:00] 📊 [NOMINAL  ] [Batch #038639] FPS:  53.3 /  60.0 target | SIMD: 3.65ms (273.82 M/s) | Payload:  1.41 KB/s
[2026-08-04T17:37:55.424852+00:00] 📊 [NOMINAL  ] [Batch #038694] FPS:  54.5 /  60.0 target | SIMD: 4.39ms (227.68 M/s) | Payload:  1.44 KB/s
[2026-08-04T17:37:56.432703+00:00] 📊 [NOMINAL  ] [Batch #038749] FPS:  54.6 /  60.0 target | SIMD: 3.40ms (293.89 M/s) | Payload:  1.44 KB/s
[2026-08-04T17:37:57.441581+00:00] 📊 [NOMINAL  ] [Batch #038804] FPS:  54.5 /  60.0 target | SIMD: 3.31ms (301.87 M/s) | Payload:  1.44 KB/s
[2026-08-04T17:37:58.445307+00:00] 📊 [NOMINAL  ] [Batch #038859] FPS:  54.8 /  60.0 target | SIMD: 2.74ms (364.59 M/s) | Payload:  1.44 KB/s
[2026-08-04T17:37:59.452478+00:00] 📊 [NOMINAL  ] [Batch #038914] FPS:  54.6 /  60.0 target | SIMD: 3.92ms (254.85 M/s) | Payload:  1.44 KB/s
[2026-08-04T17:38:00.458490+00:00] 📊 [NOMINAL  ] [Batch #038968] FPS:  53.7 /  60.0 target | SIMD: 3.64ms (274.62 M/s) | Payload:  1.42 KB/s
[2026-08-04T17:38:01.458770+00:00] 📊 [NOMINAL  ] [Batch #039023] FPS:  55.0 /  60.0 target | SIMD: 3.97ms (251.70 M/s) | Payload:  1.45 KB/s
[2026-08-04T17:38:02.469406+00:00] 📊 [NOMINAL  ] [Batch #039078] FPS:  54.4 /  60.0 target | SIMD: 3.28ms (305.13 M/s) | Payload:  1.44 KB/s
[2026-08-04T17:38:03.476525+00:00] 📊 [NOMINAL  ] [Batch #039133] FPS:  54.6 /  60.0 target | SIMD: 3.42ms (292.74 M/s) | Payload:  1.44 KB/s
[2026-08-04T17:38:04.478938+00:00] 📊 [NOMINAL  ] [Batch #039187] FPS:  53.9 /  60.0 target | SIMD: 4.75ms (210.32 M/s) | Payload:  1.42 KB/s
[2026-08-04T17:38:05.488589+00:00] 📊 [NOMINAL  ] [Batch #039242] FPS:  54.5 /  60.0 target | SIMD: 3.56ms (281.18 M/s) | Payload:  1.44 KB/s
[2026-08-04T17:38:06.494400+00:00] 📊 [NOMINAL  ] [Batch #039297] FPS:  54.7 /  60.0 target | SIMD: 3.04ms (328.62 M/s) | Payload:  1.44 KB/s
[2026-08-04T17:38:07.510722+00:00] 📊 [NOMINAL  ] [Batch #039352] FPS:  54.1 /  60.0 target | SIMD: 3.44ms (290.55 M/s) | Payload:  1.43 KB/s
[2026-08-04T17:38:08.519807+00:00] 📊 [NOMINAL  ] [Batch #039407] FPS:  54.5 /  60.0 target | SIMD: 3.45ms (289.85 M/s) | Payload:  1.44 KB/s
[2026-08-04T17:38:09.529486+00:00] 📊 [NOMINAL  ] [Batch #039462] FPS:  54.5 /  60.0 target | SIMD: 4.09ms (244.39 M/s) | Payload:  1.44 KB/s
[2026-08-04T17:38:10.544802+00:00] 📊 [NOMINAL  ] [Batch #039517] FPS:  54.2 /  60.0 target | SIMD: 3.28ms (304.98 M/s) | Payload:  1.43 KB/s
[2026-08-04T17:38:11.558852+00:00] 📊 [NOMINAL  ] [Batch #039572] FPS:  54.2 /  60.0 target | SIMD: 5.65ms (176.85 M/s) | Payload:  1.43 KB/s
[2026-08-04T17:38:12.567022+00:00] 📊 [NOMINAL  ] [Batch #039626] FPS:  53.6 /  60.0 target | SIMD: 3.28ms (305.15 M/s) | Payload:  1.41 KB/s
[2026-08-04T17:38:13.577291+00:00] 📊 [NOMINAL  ] [Batch #039681] FPS:  54.4 /  60.0 target | SIMD: 3.12ms (320.29 M/s) | Payload:  1.44 KB/s
[2026-08-04T17:38:14.583459+00:00] 📊 [NOMINAL  ] [Batch #039736] FPS:  54.7 /  60.0 target | SIMD: 3.05ms (327.60 M/s) | Payload:  1.44 KB/s
[2026-08-04T17:38:15.593950+00:00] 📊 [NOMINAL  ] [Batch #039791] FPS:  54.4 /  60.0 target | SIMD: 3.25ms (307.66 M/s) | Payload:  1.44 KB/s
[2026-08-04T17:38:16.604910+00:00] 📊 [NOMINAL  ] [Batch #039846] FPS:  54.4 /  60.0 target | SIMD: 3.74ms (267.07 M/s) | Payload:  1.43 KB/s
[2026-08-04T17:38:17.617121+00:00] 📊 [NOMINAL  ] [Batch #039901] FPS:  54.3 /  60.0 target | SIMD: 3.03ms (329.53 M/s) | Payload:  1.43 KB/s
[2026-08-04T17:38:18.620271+00:00] 📊 [NOMINAL  ] [Batch #039956] FPS:  54.8 /  60.0 target | SIMD: 2.94ms (340.40 M/s) | Payload:  1.45 KB/s
[2026-08-04T17:38:19.632312+00:00] 📊 [NOMINAL  ] [Batch #040011] FPS:  54.3 /  60.0 target | SIMD: 4.04ms (247.81 M/s) | Payload:  1.43 KB/s
[2026-08-04T17:38:20.645485+00:00] 📊 [NOMINAL  ] [Batch #040066] FPS:  54.3 /  60.0 target | SIMD: 3.59ms (278.84 M/s) | Payload:  1.43 KB/s
[2026-08-04T17:38:21.660675+00:00] 📊 [NOMINAL  ] [Batch #040121] FPS:  54.2 /  60.0 target | SIMD: 3.87ms (258.31 M/s) | Payload:  1.43 KB/s
[2026-08-04T17:38:22.671657+00:00] 📊 [NOMINAL  ] [Batch #040177] FPS:  55.4 /  60.0 target | SIMD: 2.72ms (367.06 M/s) | Payload:  1.46 KB/s
[2026-08-04T17:38:23.685075+00:00] 📊 [NOMINAL  ] [Batch #040232] FPS:  54.3 /  60.0 target | SIMD: 3.57ms (280.19 M/s) | Payload:  1.43 KB/s
[2026-08-04T17:38:24.688329+00:00] 📊 [NOMINAL  ] [Batch #040286] FPS:  53.8 /  60.0 target | SIMD: 3.87ms (258.44 M/s) | Payload:  1.42 KB/s
[2026-08-04T17:38:25.704465+00:00] 📊 [NOMINAL  ] [Batch #040341] FPS:  54.1 /  60.0 target | SIMD: 4.45ms (224.66 M/s) | Payload:  1.43 KB/s
[2026-08-04T17:38:26.717610+00:00] 📊 [NOMINAL  ] [Batch #040396] FPS:  54.3 /  60.0 target | SIMD: 3.27ms (305.66 M/s) | Payload:  1.43 KB/s
[2026-08-04T17:38:27.732445+00:00] 📊 [NOMINAL  ] [Batch #040452] FPS:  55.2 /  60.0 target | SIMD: 2.89ms (346.05 M/s) | Payload:  1.45 KB/s
[2026-08-04T17:38:28.733267+00:00] 📊 [NOMINAL  ] [Batch #040507] FPS:  55.0 /  60.0 target | SIMD: 2.78ms (360.03 M/s) | Payload:  1.45 KB/s
[2026-08-04T17:38:29.737655+00:00] 📊 [NOMINAL  ] [Batch #040561] FPS:  53.8 /  60.0 target | SIMD: 3.44ms (290.87 M/s) | Payload:  1.42 KB/s
[2026-08-04T17:38:30.744653+00:00] 📊 [NOMINAL  ] [Batch #040616] FPS:  54.6 /  60.0 target | SIMD: 3.46ms (289.32 M/s) | Payload:  1.44 KB/s
[2026-08-04T17:38:31.748223+00:00] 📊 [NOMINAL  ] [Batch #040670] FPS:  53.8 /  60.0 target | SIMD: 4.72ms (211.94 M/s) | Payload:  1.42 KB/s
[2026-08-04T17:38:32.756001+00:00] 📊 [NOMINAL  ] [Batch #040725] FPS:  54.6 /  60.0 target | SIMD: 4.45ms (224.92 M/s) | Payload:  1.44 KB/s
[2026-08-04T17:38:33.765541+00:00] 📊 [NOMINAL  ] [Batch #040780] FPS:  54.5 /  60.0 target | SIMD: 3.29ms (303.66 M/s) | Payload:  1.44 KB/s
[2026-08-04T17:38:34.775987+00:00] 📊 [NOMINAL  ] [Batch #040834] FPS:  53.4 /  60.0 target | SIMD: 4.89ms (204.41 M/s) | Payload:  1.41 KB/s
[2026-08-04T17:38:35.780006+00:00] 📊 [NOMINAL  ] [Batch #040888] FPS:  53.8 /  60.0 target | SIMD: 3.64ms (274.80 M/s) | Payload:  1.42 KB/s
[2026-08-04T17:38:36.786214+00:00] 📊 [NOMINAL  ] [Batch #040943] FPS:  54.7 /  60.0 target | SIMD: 4.22ms (237.11 M/s) | Payload:  1.44 KB/s
[2026-08-04T17:38:37.800541+00:00] 📊 [NOMINAL  ] [Batch #040999] FPS:  55.2 /  60.0 target | SIMD: 4.16ms (240.49 M/s) | Payload:  1.46 KB/s
[2026-08-04T17:38:38.809309+00:00] 📊 [NOMINAL  ] [Batch #041054] FPS:  54.5 /  60.0 target | SIMD: 3.19ms (313.12 M/s) | Payload:  1.44 KB/s
[2026-08-04T17:38:39.817058+00:00] 📊 [NOMINAL  ] [Batch #041109] FPS:  54.6 /  60.0 target | SIMD: 4.03ms (247.87 M/s) | Payload:  1.44 KB/s
[2026-08-04T17:38:40.822712+00:00] 📊 [NOMINAL  ] [Batch #041163] FPS:  53.7 /  60.0 target | SIMD: 3.41ms (293.40 M/s) | Payload:  1.42 KB/s
